"Date","Source","Site ID","POC","Daily Max 1-hour NO2 Concentration","UNITS","DAILY_AQI_VALUE","Site Name","DAILY_OBS_COUNT","PERCENT_COMPLETE","AQS_PARAMETER_CODE","AQS_PARAMETER_DESC","CBSA_CODE","CBSA_NAME","STATE_CODE","STATE","COUNTY_CODE","COUNTY","SITE_LATITUDE","SITE_LONGITUDE"
"01/01/1999","AQS","720330006","1","2","ppb","2","EQB #49(OZONE AND NO2) ZARZUELO STREET,MANSIONES DE CATANO","24","100.0000","42602","Nitrogen dioxide (NO2)","41980","San Juan-Carolina-Caguas, PR","72","Puerto Rico","033","Catano","18.434113116","-66.161278232"
"01/02/1999","AQS","720330006","1","2","ppb","2","EQB #49(OZONE AND NO2) ZARZUELO STREET,MANSIONES DE CATANO","24","100.0000","42602","Nitrogen dioxide (NO2)","41980","San Juan-Carolina-Caguas, PR","72","Puerto Rico","033","Catano","18.434113116","-66.161278232"
"01/03/1999","AQS","720330006","1","2","ppb","2","EQB #49(OZONE AND NO2) ZARZUELO STREET,MANSIONES DE CATANO","24","100.0000","42602","Nitrogen dioxide (NO2)","41980","San Juan-Carolina-Caguas, PR","72","Puerto Rico","033","Catano","18.434113116","-66.161278232"
"01/04/1999","AQS","720330006","1","1","ppb","1","EQB #49(OZONE AND NO2) ZARZUELO STREET,MANSIONES DE CATANO","24","100.0000","42602","Nitrogen dioxide (NO2)","41980","San Juan-Carolina-Caguas, PR","72","Puerto Rico","033","Catano","18.434113116","-66.161278232"
"01/05/1999","AQS","720330006","1","2","ppb","2","EQB #49(OZONE AND NO2) ZARZUELO STREET,MANSIONES DE CATANO","21","88.0000","42602","Nitrogen dioxide (NO2)","41980","San Juan-Carolina-Caguas, PR","72","Puerto Rico","033","Catano","18.434113116","-66.161278232"
"01/06/1999","AQS","720330006","1","2","ppb","2","EQB #49(OZONE AND NO2) ZARZUELO STREET,MANSIONES DE CATANO","24","100.0000","42602","Nitrogen dioxide (NO2)","41980","San Juan-Carolina-Caguas, PR","72","Puerto Rico","033","Catano","18.434113116","-66.161278232"
"01/07/1999","AQS","720330006","1","2","ppb","2","EQB #49(OZONE AND NO2) ZARZUELO STREET,MANSIONES DE CATANO","24","100.0000","42602","Nitrogen dioxide (NO2)","41980","San Juan-Carolina-Caguas, PR","72","Puerto Rico","033","Catano","18.434113116","-66.161278232"
"01/08/1999","AQS","720330006","1","2","ppb","2","EQB #49(OZONE AND NO2) ZARZUELO STREET,MANSIONES DE CATANO","24","100.0000","42602","Nitrogen dioxide (NO2)","41980","San Juan-Carolina-Caguas, PR","72","Puerto Rico","033","Catano","18.434113116","-66.161278232"
"01/09/1999","AQS","720330006","1","1","ppb","1","EQB #49(OZONE AND NO2) ZARZUELO STREET,MANSIONES DE CATANO","24","100.0000","42602","Nitrogen dioxide (NO2)","41980","San Juan-Carolina-Caguas, PR","72","Puerto Rico","033","Catano","18.434113116","-66.161278232"
"01/10/1999","AQS","720330006","1","1","ppb","1","EQB #49(OZONE AND NO2) ZARZUELO STREET,MANSIONES DE CATANO","24","100.0000","42602","Nitrogen dioxide (NO2)","41980","San Juan-Carolina-Caguas, PR","72","Puerto Rico","033","Catano","18.434113116","-66.161278232"
"01/11/1999","AQS","720330006","1","1","ppb","1","EQB #49(OZONE AND NO2) ZARZUELO STREET,MANSIONES DE CATANO","24","100.0000","42602","Nitrogen dioxide (NO2)","41980","San Juan-Carolina-Caguas, PR","72","Puerto Rico","033","Catano","18.434113116","-66.161278232"
"01/12/1999","AQS","720330006","1","1","ppb","1","EQB #49(OZONE AND NO2) ZARZUELO STREET,MANSIONES DE CATANO","24","100.0000","42602","Nitrogen dioxide (NO2)","41980","San Juan-Carolina-Caguas, PR","72","Puerto Rico","033","Catano","18.434113116","-66.161278232"
"01/13/1999","AQS","720330006","1","0","ppb","0","EQB #49(OZONE AND NO2) ZARZUELO STREET,MANSIONES DE CATANO","24","100.0000","42602","Nitrogen dioxide (NO2)","41980","San Juan-Carolina-Caguas, PR","72","Puerto Rico","033","Catano","18.434113116","-66.161278232"
"01/14/1999","AQS","720330006","1","1","ppb","1","EQB #49(OZONE AND NO2) ZARZUELO STREET,MANSIONES DE CATANO","22","92.0000","42602","Nitrogen dioxide (NO2)","41980","San Juan-Carolina-Caguas, PR","72","Puerto Rico","033","Catano","18.434113116","-66.161278232"
"01/15/1999","AQS","720330006","1","10","ppb","9","EQB #49(OZONE AND NO2) ZARZUELO STREET,MANSIONES DE CATANO","22","92.0000","42602","Nitrogen dioxide (NO2)","41980","San Juan-Carolina-Caguas, PR","72","Puerto Rico","033","Catano","18.434113116","-66.161278232"
"01/16/1999","AQS","720330006","1","10","ppb","9","EQB #49(OZONE AND NO2) ZARZUELO STREET,MANSIONES DE CATANO","24","100.0000","42602","Nitrogen dioxide (NO2)","41980","San Juan-Carolina-Caguas, PR","72","Puerto Rico","033","Catano","18.434113116","-66.161278232"
"01/17/1999","AQS","720330006","1","10","ppb","9","EQB #49(OZONE AND NO2) ZARZUELO STREET,MANSIONES DE CATANO","24","100.0000","42602","Nitrogen dioxide (NO2)","41980","San Juan-Carolina-Caguas, PR","72","Puerto Rico","033","Catano","18.434113116","-66.161278232"
"01/18/1999","AQS","720330006","1","10","ppb","9","EQB #49(OZONE AND NO2) ZARZUELO STREET,MANSIONES DE CATANO","24","100.0000","42602","Nitrogen dioxide (NO2)","41980","San Juan-Carolina-Caguas, PR","72","Puerto Rico","033","Catano","18.434113116","-66.161278232"
"01/19/1999","AQS","720330006","1","12","ppb","11","EQB #49(OZONE AND NO2) ZARZUELO STREET,MANSIONES DE CATANO","24","100.0000","42602","Nitrogen dioxide (NO2)","41980","San Juan-Carolina-Caguas, PR","72","Puerto Rico","033","Catano","18.434113116","-66.161278232"
"01/20/1999","AQS","720330006","1","11","ppb","10","EQB #49(OZONE AND NO2) ZARZUELO STREET,MANSIONES DE CATANO","22","92.0000","42602","Nitrogen dioxide (NO2)","41980","San Juan-Carolina-Caguas, PR","72","Puerto Rico","033","Catano","18.434113116","-66.161278232"
"01/21/1999","AQS","720330006","1","10","ppb","9","EQB #49(OZONE AND NO2) ZARZUELO STREET,MANSIONES DE CATANO","22","92.0000","42602","Nitrogen dioxide (NO2)","41980","San Juan-Carolina-Caguas, PR","72","Puerto Rico","033","Catano","18.434113116","-66.161278232"
"01/22/1999","AQS","720330006","1","10","ppb","9","EQB #49(OZONE AND NO2) ZARZUELO STREET,MANSIONES DE CATANO","24","100.0000","42602","Nitrogen dioxide (NO2)","41980","San Juan-Carolina-Caguas, PR","72","Puerto Rico","033","Catano","18.434113116","-66.161278232"
"01/23/1999","AQS","720330006","1","10","ppb","9","EQB #49(OZONE AND NO2) ZARZUELO STREET,MANSIONES DE CATANO","24","100.0000","42602","Nitrogen dioxide (NO2)","41980","San Juan-Carolina-Caguas, PR","72","Puerto Rico","033","Catano","18.434113116","-66.161278232"
"01/24/1999","AQS","720330006","1","12","ppb","11","EQB #49(OZONE AND NO2) ZARZUELO STREET,MANSIONES DE CATANO","24","100.0000","42602","Nitrogen dioxide (NO2)","41980","San Juan-Carolina-Caguas, PR","72","Puerto Rico","033","Catano","18.434113116","-66.161278232"
"01/25/1999","AQS","720330006","1","0","ppb","0","EQB #49(OZONE AND NO2) ZARZUELO STREET,MANSIONES DE CATANO","24","100.0000","42602","Nitrogen dioxide (NO2)","41980","San Juan-Carolina-Caguas, PR","72","Puerto Rico","033","Catano","18.434113116","-66.161278232"
"01/26/1999","AQS","720330006","1","15","ppb","14","EQB #49(OZONE AND NO2) ZARZUELO STREET,MANSIONES DE CATANO","18","75.0000","42602","Nitrogen dioxide (NO2)","41980","San Juan-Carolina-Caguas, PR","72","Puerto Rico","033","Catano","18.434113116","-66.161278232"
"01/27/1999","AQS","720330006","1","11","ppb","10","EQB #49(OZONE AND NO2) ZARZUELO STREET,MANSIONES DE CATANO","21","88.0000","42602","Nitrogen dioxide (NO2)","41980","San Juan-Carolina-Caguas, PR","72","Puerto Rico","033","Catano","18.434113116","-66.161278232"
"01/28/1999","AQS","720330006","1","11","ppb","10","EQB #49(OZONE AND NO2) ZARZUELO STREET,MANSIONES DE CATANO","22","92.0000","42602","Nitrogen dioxide (NO2)","41980","San Juan-Carolina-Caguas, PR","72","Puerto Rico","033","Catano","18.434113116","-66.161278232"
"01/29/1999","AQS","720330006","1","18","ppb","17","EQB #49(OZONE AND NO2) ZARZUELO STREET,MANSIONES DE CATANO","23","96.0000","42602","Nitrogen dioxide (NO2)","41980","San Juan-Carolina-Caguas, PR","72","Puerto Rico","033","Catano","18.434113116","-66.161278232"
"01/30/1999","AQS","720330006","1","18","ppb","17","EQB #49(OZONE AND NO2) ZARZUELO STREET,MANSIONES DE CATANO","24","100.0000","42602","Nitrogen dioxide (NO2)","41980","San Juan-Carolina-Caguas, PR","72","Puerto Rico","033","Catano","18.434113116","-66.161278232"
"01/31/1999","AQS","720330006","1","27","ppb","25","EQB #49(OZONE AND NO2) ZARZUELO STREET,MANSIONES DE CATANO","24","100.0000","42602","Nitrogen dioxide (NO2)","41980","San Juan-Carolina-Caguas, PR","72","Puerto Rico","033","Catano","18.434113116","-66.161278232"
"02/01/1999","AQS","720330006","1","27","ppb","25","EQB #49(OZONE AND NO2) ZARZUELO STREET,MANSIONES DE CATANO","24","100.0000","42602","Nitrogen dioxide (NO2)","41980","San Juan-Carolina-Caguas, PR","72","Puerto Rico","033","Catano","18.434113116","-66.161278232"
"02/02/1999","AQS","720330006","1","21","ppb","20","EQB #49(OZONE AND NO2) ZARZUELO STREET,MANSIONES DE CATANO","23","96.0000","42602","Nitrogen dioxide (NO2)","41980","San Juan-Carolina-Caguas, PR","72","Puerto Rico","033","Catano","18.434113116","-66.161278232"
"02/03/1999","AQS","720330006","1","41","ppb","39","EQB #49(OZONE AND NO2) ZARZUELO STREET,MANSIONES DE CATANO","24","100.0000","42602","Nitrogen dioxide (NO2)","41980","San Juan-Carolina-Caguas, PR","72","Puerto Rico","033","Catano","18.434113116","-66.161278232"
"02/04/1999","AQS","720330006","1","32","ppb","30","EQB #49(OZONE AND NO2) ZARZUELO STREET,MANSIONES DE CATANO","22","92.0000","42602","Nitrogen dioxide (NO2)","41980","San Juan-Carolina-Caguas, PR","72","Puerto Rico","033","Catano","18.434113116","-66.161278232"
"02/05/1999","AQS","720330006","1","21","ppb","20","EQB #49(OZONE AND NO2) ZARZUELO STREET,MANSIONES DE CATANO","24","100.0000","42602","Nitrogen dioxide (NO2)","41980","San Juan-Carolina-Caguas, PR","72","Puerto Rico","033","Catano","18.434113116","-66.161278232"
"02/06/1999","AQS","720330006","1","37","ppb","35","EQB #49(OZONE AND NO2) ZARZUELO STREET,MANSIONES DE CATANO","24","100.0000","42602","Nitrogen dioxide (NO2)","41980","San Juan-Carolina-Caguas, PR","72","Puerto Rico","033","Catano","18.434113116","-66.161278232"
"02/07/1999","AQS","720330006","1","30","ppb","28","EQB #49(OZONE AND NO2) ZARZUELO STREET,MANSIONES DE CATANO","24","100.0000","42602","Nitrogen dioxide (NO2)","41980","San Juan-Carolina-Caguas, PR","72","Puerto Rico","033","Catano","18.434113116","-66.161278232"
"02/08/1999","AQS","720330006","1","20","ppb","19","EQB #49(OZONE AND NO2) ZARZUELO STREET,MANSIONES DE CATANO","22","92.0000","42602","Nitrogen dioxide (NO2)","41980","San Juan-Carolina-Caguas, PR","72","Puerto Rico","033","Catano","18.434113116","-66.161278232"
"02/09/1999","AQS","720330006","1","25","ppb","24","EQB #49(OZONE AND NO2) ZARZUELO STREET,MANSIONES DE CATANO","24","100.0000","42602","Nitrogen dioxide (NO2)","41980","San Juan-Carolina-Caguas, PR","72","Puerto Rico","033","Catano","18.434113116","-66.161278232"
"02/10/1999","AQS","720330006","1","28","ppb","26","EQB #49(OZONE AND NO2) ZARZUELO STREET,MANSIONES DE CATANO","24","100.0000","42602","Nitrogen dioxide (NO2)","41980","San Juan-Carolina-Caguas, PR","72","Puerto Rico","033","Catano","18.434113116","-66.161278232"
"02/11/1999","AQS","720330006","1","16","ppb","15","EQB #49(OZONE AND NO2) ZARZUELO STREET,MANSIONES DE CATANO","22","92.0000","42602","Nitrogen dioxide (NO2)","41980","San Juan-Carolina-Caguas, PR","72","Puerto Rico","033","Catano","18.434113116","-66.161278232"
"02/12/1999","AQS","720330006","1","20","ppb","19","EQB #49(OZONE AND NO2) ZARZUELO STREET,MANSIONES DE CATANO","24","100.0000","42602","Nitrogen dioxide (NO2)","41980","San Juan-Carolina-Caguas, PR","72","Puerto Rico","033","Catano","18.434113116","-66.161278232"
"02/13/1999","AQS","720330006","1","17","ppb","16","EQB #49(OZONE AND NO2) ZARZUELO STREET,MANSIONES DE CATANO","24","100.0000","42602","Nitrogen dioxide (NO2)","41980","San Juan-Carolina-Caguas, PR","72","Puerto Rico","033","Catano","18.434113116","-66.161278232"
"02/14/1999","AQS","720330006","1","12","ppb","11","EQB #49(OZONE AND NO2) ZARZUELO STREET,MANSIONES DE CATANO","24","100.0000","42602","Nitrogen dioxide (NO2)","41980","San Juan-Carolina-Caguas, PR","72","Puerto Rico","033","Catano","18.434113116","-66.161278232"
"02/15/1999","AQS","720330006","1","11","ppb","10","EQB #49(OZONE AND NO2) ZARZUELO STREET,MANSIONES DE CATANO","24","100.0000","42602","Nitrogen dioxide (NO2)","41980","San Juan-Carolina-Caguas, PR","72","Puerto Rico","033","Catano","18.434113116","-66.161278232"
"02/16/1999","AQS","720330006","1","6","ppb","6","EQB #49(OZONE AND NO2) ZARZUELO STREET,MANSIONES DE CATANO","22","92.0000","42602","Nitrogen dioxide (NO2)","41980","San Juan-Carolina-Caguas, PR","72","Puerto Rico","033","Catano","18.434113116","-66.161278232"
"03/06/1999","AQS","720330006","1","20","ppb","19","EQB #49(OZONE AND NO2) ZARZUELO STREET,MANSIONES DE CATANO","24","100.0000","42602","Nitrogen dioxide (NO2)","41980","San Juan-Carolina-Caguas, PR","72","Puerto Rico","033","Catano","18.434113116","-66.161278232"
"03/07/1999","AQS","720330006","1","21","ppb","20","EQB #49(OZONE AND NO2) ZARZUELO STREET,MANSIONES DE CATANO","21","88.0000","42602","Nitrogen dioxide (NO2)","41980","San Juan-Carolina-Caguas, PR","72","Puerto Rico","033","Catano","18.434113116","-66.161278232"
"03/08/1999","AQS","720330006","1","34","ppb","32","EQB #49(OZONE AND NO2) ZARZUELO STREET,MANSIONES DE CATANO","24","100.0000","42602","Nitrogen dioxide (NO2)","41980","San Juan-Carolina-Caguas, PR","72","Puerto Rico","033","Catano","18.434113116","-66.161278232"
"03/09/1999","AQS","720330006","1","29","ppb","27","EQB #49(OZONE AND NO2) ZARZUELO STREET,MANSIONES DE CATANO","23","96.0000","42602","Nitrogen dioxide (NO2)","41980","San Juan-Carolina-Caguas, PR","72","Puerto Rico","033","Catano","18.434113116","-66.161278232"
"03/10/1999","AQS","720330006","1","25","ppb","24","EQB #49(OZONE AND NO2) ZARZUELO STREET,MANSIONES DE CATANO","22","92.0000","42602","Nitrogen dioxide (NO2)","41980","San Juan-Carolina-Caguas, PR","72","Puerto Rico","033","Catano","18.434113116","-66.161278232"
"03/11/1999","AQS","720330006","1","22","ppb","21","EQB #49(OZONE AND NO2) ZARZUELO STREET,MANSIONES DE CATANO","22","92.0000","42602","Nitrogen dioxide (NO2)","41980","San Juan-Carolina-Caguas, PR","72","Puerto Rico","033","Catano","18.434113116","-66.161278232"
"03/12/1999","AQS","720330006","1","20","ppb","19","EQB #49(OZONE AND NO2) ZARZUELO STREET,MANSIONES DE CATANO","24","100.0000","42602","Nitrogen dioxide (NO2)","41980","San Juan-Carolina-Caguas, PR","72","Puerto Rico","033","Catano","18.434113116","-66.161278232"
"03/13/1999","AQS","720330006","1","24","ppb","23","EQB #49(OZONE AND NO2) ZARZUELO STREET,MANSIONES DE CATANO","21","88.0000","42602","Nitrogen dioxide (NO2)","41980","San Juan-Carolina-Caguas, PR","72","Puerto Rico","033","Catano","18.434113116","-66.161278232"
"03/14/1999","AQS","720330006","1","16","ppb","15","EQB #49(OZONE AND NO2) ZARZUELO STREET,MANSIONES DE CATANO","24","100.0000","42602","Nitrogen dioxide (NO2)","41980","San Juan-Carolina-Caguas, PR","72","Puerto Rico","033","Catano","18.434113116","-66.161278232"
"03/15/1999","AQS","720330006","1","24","ppb","23","EQB #49(OZONE AND NO2) ZARZUELO STREET,MANSIONES DE CATANO","24","100.0000","42602","Nitrogen dioxide (NO2)","41980","San Juan-Carolina-Caguas, PR","72","Puerto Rico","033","Catano","18.434113116","-66.161278232"
"03/16/1999","AQS","720330006","1","21","ppb","20","EQB #49(OZONE AND NO2) ZARZUELO STREET,MANSIONES DE CATANO","23","96.0000","42602","Nitrogen dioxide (NO2)","41980","San Juan-Carolina-Caguas, PR","72","Puerto Rico","033","Catano","18.434113116","-66.161278232"
"03/19/1999","AQS","720330006","1","22","ppb","21","EQB #49(OZONE AND NO2) ZARZUELO STREET,MANSIONES DE CATANO","24","100.0000","42602","Nitrogen dioxide (NO2)","41980","San Juan-Carolina-Caguas, PR","72","Puerto Rico","033","Catano","18.434113116","-66.161278232"
"03/20/1999","AQS","720330006","1","21","ppb","20","EQB #49(OZONE AND NO2) ZARZUELO STREET,MANSIONES DE CATANO","24","100.0000","42602","Nitrogen dioxide (NO2)","41980","San Juan-Carolina-Caguas, PR","72","Puerto Rico","033","Catano","18.434113116","-66.161278232"
"03/21/1999","AQS","720330006","1","24","ppb","23","EQB #49(OZONE AND NO2) ZARZUELO STREET,MANSIONES DE CATANO","24","100.0000","42602","Nitrogen dioxide (NO2)","41980","San Juan-Carolina-Caguas, PR","72","Puerto Rico","033","Catano","18.434113116","-66.161278232"
"03/22/1999","AQS","720330006","1","24","ppb","23","EQB #49(OZONE AND NO2) ZARZUELO STREET,MANSIONES DE CATANO","21","88.0000","42602","Nitrogen dioxide (NO2)","41980","San Juan-Carolina-Caguas, PR","72","Puerto Rico","033","Catano","18.434113116","-66.161278232"
"03/23/1999","AQS","720330006","1","28","ppb","26","EQB #49(OZONE AND NO2) ZARZUELO STREET,MANSIONES DE CATANO","24","100.0000","42602","Nitrogen dioxide (NO2)","41980","San Juan-Carolina-Caguas, PR","72","Puerto Rico","033","Catano","18.434113116","-66.161278232"
"03/25/1999","AQS","720330006","1","20","ppb","19","EQB #49(OZONE AND NO2) ZARZUELO STREET,MANSIONES DE CATANO","22","92.0000","42602","Nitrogen dioxide (NO2)","41980","San Juan-Carolina-Caguas, PR","72","Puerto Rico","033","Catano","18.434113116","-66.161278232"
"03/26/1999","AQS","720330006","1","21","ppb","20","EQB #49(OZONE AND NO2) ZARZUELO STREET,MANSIONES DE CATANO","22","92.0000","42602","Nitrogen dioxide (NO2)","41980","San Juan-Carolina-Caguas, PR","72","Puerto Rico","033","Catano","18.434113116","-66.161278232"
"03/27/1999","AQS","720330006","1","14","ppb","13","EQB #49(OZONE AND NO2) ZARZUELO STREET,MANSIONES DE CATANO","24","100.0000","42602","Nitrogen dioxide (NO2)","41980","San Juan-Carolina-Caguas, PR","72","Puerto Rico","033","Catano","18.434113116","-66.161278232"
"03/28/1999","AQS","720330006","1","13","ppb","12","EQB #49(OZONE AND NO2) ZARZUELO STREET,MANSIONES DE CATANO","19","79.0000","42602","Nitrogen dioxide (NO2)","41980","San Juan-Carolina-Caguas, PR","72","Puerto Rico","033","Catano","18.434113116","-66.161278232"
"04/04/1999","AQS","720330006","1","17","ppb","16","EQB #49(OZONE AND NO2) ZARZUELO STREET,MANSIONES DE CATANO","24","100.0000","42602","Nitrogen dioxide (NO2)","41980","San Juan-Carolina-Caguas, PR","72","Puerto Rico","033","Catano","18.434113116","-66.161278232"
"04/05/1999","AQS","720330006","1","25","ppb","24","EQB #49(OZONE AND NO2) ZARZUELO STREET,MANSIONES DE CATANO","24","100.0000","42602","Nitrogen dioxide (NO2)","41980","San Juan-Carolina-Caguas, PR","72","Puerto Rico","033","Catano","18.434113116","-66.161278232"
"04/06/1999","AQS","720330006","1","30","ppb","28","EQB #49(OZONE AND NO2) ZARZUELO STREET,MANSIONES DE CATANO","21","88.0000","42602","Nitrogen dioxide (NO2)","41980","San Juan-Carolina-Caguas, PR","72","Puerto Rico","033","Catano","18.434113116","-66.161278232"
"04/07/1999","AQS","720330006","1","39","ppb","37","EQB #49(OZONE AND NO2) ZARZUELO STREET,MANSIONES DE CATANO","23","96.0000","42602","Nitrogen dioxide (NO2)","41980","San Juan-Carolina-Caguas, PR","72","Puerto Rico","033","Catano","18.434113116","-66.161278232"
"04/08/1999","AQS","720330006","1","29","ppb","27","EQB #49(OZONE AND NO2) ZARZUELO STREET,MANSIONES DE CATANO","24","100.0000","42602","Nitrogen dioxide (NO2)","41980","San Juan-Carolina-Caguas, PR","72","Puerto Rico","033","Catano","18.434113116","-66.161278232"
"04/09/1999","AQS","720330006","1","25","ppb","24","EQB #49(OZONE AND NO2) ZARZUELO STREET,MANSIONES DE CATANO","23","96.0000","42602","Nitrogen dioxide (NO2)","41980","San Juan-Carolina-Caguas, PR","72","Puerto Rico","033","Catano","18.434113116","-66.161278232"
"04/10/1999","AQS","720330006","1","33","ppb","31","EQB #49(OZONE AND NO2) ZARZUELO STREET,MANSIONES DE CATANO","24","100.0000","42602","Nitrogen dioxide (NO2)","41980","San Juan-Carolina-Caguas, PR","72","Puerto Rico","033","Catano","18.434113116","-66.161278232"
"04/11/1999","AQS","720330006","1","16","ppb","15","EQB #49(OZONE AND NO2) ZARZUELO STREET,MANSIONES DE CATANO","24","100.0000","42602","Nitrogen dioxide (NO2)","41980","San Juan-Carolina-Caguas, PR","72","Puerto Rico","033","Catano","18.434113116","-66.161278232"
"04/12/1999","AQS","720330006","1","17","ppb","16","EQB #49(OZONE AND NO2) ZARZUELO STREET,MANSIONES DE CATANO","22","92.0000","42602","Nitrogen dioxide (NO2)","41980","San Juan-Carolina-Caguas, PR","72","Puerto Rico","033","Catano","18.434113116","-66.161278232"
"04/13/1999","AQS","720330006","1","23","ppb","22","EQB #49(OZONE AND NO2) ZARZUELO STREET,MANSIONES DE CATANO","24","100.0000","42602","Nitrogen dioxide (NO2)","41980","San Juan-Carolina-Caguas, PR","72","Puerto Rico","033","Catano","18.434113116","-66.161278232"
"05/20/1999","AQS","720330006","1","14","ppb","13","EQB #49(OZONE AND NO2) ZARZUELO STREET,MANSIONES DE CATANO","24","100.0000","42602","Nitrogen dioxide (NO2)","41980","San Juan-Carolina-Caguas, PR","72","Puerto Rico","033","Catano","18.434113116","-66.161278232"
"05/21/1999","AQS","720330006","1","14","ppb","13","EQB #49(OZONE AND NO2) ZARZUELO STREET,MANSIONES DE CATANO","23","96.0000","42602","Nitrogen dioxide (NO2)","41980","San Juan-Carolina-Caguas, PR","72","Puerto Rico","033","Catano","18.434113116","-66.161278232"
"05/22/1999","AQS","720330006","1","14","ppb","13","EQB #49(OZONE AND NO2) ZARZUELO STREET,MANSIONES DE CATANO","24","100.0000","42602","Nitrogen dioxide (NO2)","41980","San Juan-Carolina-Caguas, PR","72","Puerto Rico","033","Catano","18.434113116","-66.161278232"
"05/23/1999","AQS","720330006","1","16","ppb","15","EQB #49(OZONE AND NO2) ZARZUELO STREET,MANSIONES DE CATANO","24","100.0000","42602","Nitrogen dioxide (NO2)","41980","San Juan-Carolina-Caguas, PR","72","Puerto Rico","033","Catano","18.434113116","-66.161278232"
"05/24/1999","AQS","720330006","1","22","ppb","21","EQB #49(OZONE AND NO2) ZARZUELO STREET,MANSIONES DE CATANO","24","100.0000","42602","Nitrogen dioxide (NO2)","41980","San Juan-Carolina-Caguas, PR","72","Puerto Rico","033","Catano","18.434113116","-66.161278232"
"05/25/1999","AQS","720330006","1","16","ppb","15","EQB #49(OZONE AND NO2) ZARZUELO STREET,MANSIONES DE CATANO","24","100.0000","42602","Nitrogen dioxide (NO2)","41980","San Juan-Carolina-Caguas, PR","72","Puerto Rico","033","Catano","18.434113116","-66.161278232"
"05/26/1999","AQS","720330006","1","14","ppb","13","EQB #49(OZONE AND NO2) ZARZUELO STREET,MANSIONES DE CATANO","20","83.0000","42602","Nitrogen dioxide (NO2)","41980","San Juan-Carolina-Caguas, PR","72","Puerto Rico","033","Catano","18.434113116","-66.161278232"
"05/27/1999","AQS","720330006","1","14","ppb","13","EQB #49(OZONE AND NO2) ZARZUELO STREET,MANSIONES DE CATANO","20","83.0000","42602","Nitrogen dioxide (NO2)","41980","San Juan-Carolina-Caguas, PR","72","Puerto Rico","033","Catano","18.434113116","-66.161278232"
"05/28/1999","AQS","720330006","1","16","ppb","15","EQB #49(OZONE AND NO2) ZARZUELO STREET,MANSIONES DE CATANO","19","79.0000","42602","Nitrogen dioxide (NO2)","41980","San Juan-Carolina-Caguas, PR","72","Puerto Rico","033","Catano","18.434113116","-66.161278232"
"05/29/1999","AQS","720330006","1","15","ppb","14","EQB #49(OZONE AND NO2) ZARZUELO STREET,MANSIONES DE CATANO","24","100.0000","42602","Nitrogen dioxide (NO2)","41980","San Juan-Carolina-Caguas, PR","72","Puerto Rico","033","Catano","18.434113116","-66.161278232"
"05/30/1999","AQS","720330006","1","17","ppb","16","EQB #49(OZONE AND NO2) ZARZUELO STREET,MANSIONES DE CATANO","24","100.0000","42602","Nitrogen dioxide (NO2)","41980","San Juan-Carolina-Caguas, PR","72","Puerto Rico","033","Catano","18.434113116","-66.161278232"
"05/31/1999","AQS","720330006","1","25","ppb","24","EQB #49(OZONE AND NO2) ZARZUELO STREET,MANSIONES DE CATANO","24","100.0000","42602","Nitrogen dioxide (NO2)","41980","San Juan-Carolina-Caguas, PR","72","Puerto Rico","033","Catano","18.434113116","-66.161278232"
"06/01/1999","AQS","720330006","1","29","ppb","27","EQB #49(OZONE AND NO2) ZARZUELO STREET,MANSIONES DE CATANO","24","100.0000","42602","Nitrogen dioxide (NO2)","41980","San Juan-Carolina-Caguas, PR","72","Puerto Rico","033","Catano","18.434113116","-66.161278232"
"06/04/1999","AQS","720330006","1","23","ppb","22","EQB #49(OZONE AND NO2) ZARZUELO STREET,MANSIONES DE CATANO","24","100.0000","42602","Nitrogen dioxide (NO2)","41980","San Juan-Carolina-Caguas, PR","72","Puerto Rico","033","Catano","18.434113116","-66.161278232"
"06/05/1999","AQS","720330006","1","16","ppb","15","EQB #49(OZONE AND NO2) ZARZUELO STREET,MANSIONES DE CATANO","24","100.0000","42602","Nitrogen dioxide (NO2)","41980","San Juan-Carolina-Caguas, PR","72","Puerto Rico","033","Catano","18.434113116","-66.161278232"
"06/06/1999","AQS","720330006","1","23","ppb","22","EQB #49(OZONE AND NO2) ZARZUELO STREET,MANSIONES DE CATANO","24","100.0000","42602","Nitrogen dioxide (NO2)","41980","San Juan-Carolina-Caguas, PR","72","Puerto Rico","033","Catano","18.434113116","-66.161278232"
"06/07/1999","AQS","720330006","1","23","ppb","22","EQB #49(OZONE AND NO2) ZARZUELO STREET,MANSIONES DE CATANO","24","100.0000","42602","Nitrogen dioxide (NO2)","41980","San Juan-Carolina-Caguas, PR","72","Puerto Rico","033","Catano","18.434113116","-66.161278232"
"06/08/1999","AQS","720330006","1","30","ppb","28","EQB #49(OZONE AND NO2) ZARZUELO STREET,MANSIONES DE CATANO","24","100.0000","42602","Nitrogen dioxide (NO2)","41980","San Juan-Carolina-Caguas, PR","72","Puerto Rico","033","Catano","18.434113116","-66.161278232"
"06/09/1999","AQS","720330006","1","31","ppb","29","EQB #49(OZONE AND NO2) ZARZUELO STREET,MANSIONES DE CATANO","24","100.0000","42602","Nitrogen dioxide (NO2)","41980","San Juan-Carolina-Caguas, PR","72","Puerto Rico","033","Catano","18.434113116","-66.161278232"
"06/10/1999","AQS","720330006","1","26","ppb","25","EQB #49(OZONE AND NO2) ZARZUELO STREET,MANSIONES DE CATANO","24","100.0000","42602","Nitrogen dioxide (NO2)","41980","San Juan-Carolina-Caguas, PR","72","Puerto Rico","033","Catano","18.434113116","-66.161278232"
"06/11/1999","AQS","720330006","1","16","ppb","15","EQB #49(OZONE AND NO2) ZARZUELO STREET,MANSIONES DE CATANO","22","92.0000","42602","Nitrogen dioxide (NO2)","41980","San Juan-Carolina-Caguas, PR","72","Puerto Rico","033","Catano","18.434113116","-66.161278232"
"06/12/1999","AQS","720330006","1","23","ppb","22","EQB #49(OZONE AND NO2) ZARZUELO STREET,MANSIONES DE CATANO","24","100.0000","42602","Nitrogen dioxide (NO2)","41980","San Juan-Carolina-Caguas, PR","72","Puerto Rico","033","Catano","18.434113116","-66.161278232"
"06/13/1999","AQS","720330006","1","15","ppb","14","EQB #49(OZONE AND NO2) ZARZUELO STREET,MANSIONES DE CATANO","24","100.0000","42602","Nitrogen dioxide (NO2)","41980","San Juan-Carolina-Caguas, PR","72","Puerto Rico","033","Catano","18.434113116","-66.161278232"
"06/14/1999","AQS","720330006","1","18","ppb","17","EQB #49(OZONE AND NO2) ZARZUELO STREET,MANSIONES DE CATANO","24","100.0000","42602","Nitrogen dioxide (NO2)","41980","San Juan-Carolina-Caguas, PR","72","Puerto Rico","033","Catano","18.434113116","-66.161278232"
"06/15/1999","AQS","720330006","1","14","ppb","13","EQB #49(OZONE AND NO2) ZARZUELO STREET,MANSIONES DE CATANO","24","100.0000","42602","Nitrogen dioxide (NO2)","41980","San Juan-Carolina-Caguas, PR","72","Puerto Rico","033","Catano","18.434113116","-66.161278232"
"06/16/1999","AQS","720330006","1","17","ppb","16","EQB #49(OZONE AND NO2) ZARZUELO STREET,MANSIONES DE CATANO","23","96.0000","42602","Nitrogen dioxide (NO2)","41980","San Juan-Carolina-Caguas, PR","72","Puerto Rico","033","Catano","18.434113116","-66.161278232"
"06/17/1999","AQS","720330006","1","26","ppb","25","EQB #49(OZONE AND NO2) ZARZUELO STREET,MANSIONES DE CATANO","24","100.0000","42602","Nitrogen dioxide (NO2)","41980","San Juan-Carolina-Caguas, PR","72","Puerto Rico","033","Catano","18.434113116","-66.161278232"
"06/18/1999","AQS","720330006","1","21","ppb","20","EQB #49(OZONE AND NO2) ZARZUELO STREET,MANSIONES DE CATANO","22","92.0000","42602","Nitrogen dioxide (NO2)","41980","San Juan-Carolina-Caguas, PR","72","Puerto Rico","033","Catano","18.434113116","-66.161278232"
"06/19/1999","AQS","720330006","1","23","ppb","22","EQB #49(OZONE AND NO2) ZARZUELO STREET,MANSIONES DE CATANO","24","100.0000","42602","Nitrogen dioxide (NO2)","41980","San Juan-Carolina-Caguas, PR","72","Puerto Rico","033","Catano","18.434113116","-66.161278232"
"06/20/1999","AQS","720330006","1","20","ppb","19","EQB #49(OZONE AND NO2) ZARZUELO STREET,MANSIONES DE CATANO","21","88.0000","42602","Nitrogen dioxide (NO2)","41980","San Juan-Carolina-Caguas, PR","72","Puerto Rico","033","Catano","18.434113116","-66.161278232"
"06/21/1999","AQS","720330006","1","15","ppb","14","EQB #49(OZONE AND NO2) ZARZUELO STREET,MANSIONES DE CATANO","24","100.0000","42602","Nitrogen dioxide (NO2)","41980","San Juan-Carolina-Caguas, PR","72","Puerto Rico","033","Catano","18.434113116","-66.161278232"
"06/22/1999","AQS","720330006","1","16","ppb","15","EQB #49(OZONE AND NO2) ZARZUELO STREET,MANSIONES DE CATANO","24","100.0000","42602","Nitrogen dioxide (NO2)","41980","San Juan-Carolina-Caguas, PR","72","Puerto Rico","033","Catano","18.434113116","-66.161278232"
"06/23/1999","AQS","720330006","1","16","ppb","15","EQB #49(OZONE AND NO2) ZARZUELO STREET,MANSIONES DE CATANO","23","96.0000","42602","Nitrogen dioxide (NO2)","41980","San Juan-Carolina-Caguas, PR","72","Puerto Rico","033","Catano","18.434113116","-66.161278232"
"06/24/1999","AQS","720330006","1","17","ppb","16","EQB #49(OZONE AND NO2) ZARZUELO STREET,MANSIONES DE CATANO","24","100.0000","42602","Nitrogen dioxide (NO2)","41980","San Juan-Carolina-Caguas, PR","72","Puerto Rico","033","Catano","18.434113116","-66.161278232"
"06/25/1999","AQS","720330006","1","13","ppb","12","EQB #49(OZONE AND NO2) ZARZUELO STREET,MANSIONES DE CATANO","24","100.0000","42602","Nitrogen dioxide (NO2)","41980","San Juan-Carolina-Caguas, PR","72","Puerto Rico","033","Catano","18.434113116","-66.161278232"
"06/26/1999","AQS","720330006","1","14","ppb","13","EQB #49(OZONE AND NO2) ZARZUELO STREET,MANSIONES DE CATANO","24","100.0000","42602","Nitrogen dioxide (NO2)","41980","San Juan-Carolina-Caguas, PR","72","Puerto Rico","033","Catano","18.434113116","-66.161278232"
"06/27/1999","AQS","720330006","1","9","ppb","8","EQB #49(OZONE AND NO2) ZARZUELO STREET,MANSIONES DE CATANO","24","100.0000","42602","Nitrogen dioxide (NO2)","41980","San Juan-Carolina-Caguas, PR","72","Puerto Rico","033","Catano","18.434113116","-66.161278232"
"06/28/1999","AQS","720330006","1","11","ppb","10","EQB #49(OZONE AND NO2) ZARZUELO STREET,MANSIONES DE CATANO","24","100.0000","42602","Nitrogen dioxide (NO2)","41980","San Juan-Carolina-Caguas, PR","72","Puerto Rico","033","Catano","18.434113116","-66.161278232"
"06/29/1999","AQS","720330006","1","16","ppb","15","EQB #49(OZONE AND NO2) ZARZUELO STREET,MANSIONES DE CATANO","22","92.0000","42602","Nitrogen dioxide (NO2)","41980","San Juan-Carolina-Caguas, PR","72","Puerto Rico","033","Catano","18.434113116","-66.161278232"
"06/30/1999","AQS","720330006","1","15","ppb","14","EQB #49(OZONE AND NO2) ZARZUELO STREET,MANSIONES DE CATANO","24","100.0000","42602","Nitrogen dioxide (NO2)","41980","San Juan-Carolina-Caguas, PR","72","Puerto Rico","033","Catano","18.434113116","-66.161278232"
"07/01/1999","AQS","720330006","1","18","ppb","17","EQB #49(OZONE AND NO2) ZARZUELO STREET,MANSIONES DE CATANO","24","100.0000","42602","Nitrogen dioxide (NO2)","41980","San Juan-Carolina-Caguas, PR","72","Puerto Rico","033","Catano","18.434113116","-66.161278232"
"07/02/1999","AQS","720330006","1","19","ppb","18","EQB #49(OZONE AND NO2) ZARZUELO STREET,MANSIONES DE CATANO","22","92.0000","42602","Nitrogen dioxide (NO2)","41980","San Juan-Carolina-Caguas, PR","72","Puerto Rico","033","Catano","18.434113116","-66.161278232"
"07/03/1999","AQS","720330006","1","6","ppb","6","EQB #49(OZONE AND NO2) ZARZUELO STREET,MANSIONES DE CATANO","24","100.0000","42602","Nitrogen dioxide (NO2)","41980","San Juan-Carolina-Caguas, PR","72","Puerto Rico","033","Catano","18.434113116","-66.161278232"
"07/04/1999","AQS","720330006","1","10","ppb","9","EQB #49(OZONE AND NO2) ZARZUELO STREET,MANSIONES DE CATANO","24","100.0000","42602","Nitrogen dioxide (NO2)","41980","San Juan-Carolina-Caguas, PR","72","Puerto Rico","033","Catano","18.434113116","-66.161278232"
"07/05/1999","AQS","720330006","1","24","ppb","23","EQB #49(OZONE AND NO2) ZARZUELO STREET,MANSIONES DE CATANO","24","100.0000","42602","Nitrogen dioxide (NO2)","41980","San Juan-Carolina-Caguas, PR","72","Puerto Rico","033","Catano","18.434113116","-66.161278232"
"07/06/1999","AQS","720330006","1","14","ppb","13","EQB #49(OZONE AND NO2) ZARZUELO STREET,MANSIONES DE CATANO","24","100.0000","42602","Nitrogen dioxide (NO2)","41980","San Juan-Carolina-Caguas, PR","72","Puerto Rico","033","Catano","18.434113116","-66.161278232"
"07/07/1999","AQS","720330006","1","11","ppb","10","EQB #49(OZONE AND NO2) ZARZUELO STREET,MANSIONES DE CATANO","24","100.0000","42602","Nitrogen dioxide (NO2)","41980","San Juan-Carolina-Caguas, PR","72","Puerto Rico","033","Catano","18.434113116","-66.161278232"
"07/08/1999","AQS","720330006","1","26","ppb","25","EQB #49(OZONE AND NO2) ZARZUELO STREET,MANSIONES DE CATANO","24","100.0000","42602","Nitrogen dioxide (NO2)","41980","San Juan-Carolina-Caguas, PR","72","Puerto Rico","033","Catano","18.434113116","-66.161278232"
"07/09/1999","AQS","720330006","1","15","ppb","14","EQB #49(OZONE AND NO2) ZARZUELO STREET,MANSIONES DE CATANO","24","100.0000","42602","Nitrogen dioxide (NO2)","41980","San Juan-Carolina-Caguas, PR","72","Puerto Rico","033","Catano","18.434113116","-66.161278232"
"07/10/1999","AQS","720330006","1","14","ppb","13","EQB #49(OZONE AND NO2) ZARZUELO STREET,MANSIONES DE CATANO","24","100.0000","42602","Nitrogen dioxide (NO2)","41980","San Juan-Carolina-Caguas, PR","72","Puerto Rico","033","Catano","18.434113116","-66.161278232"
"07/11/1999","AQS","720330006","1","15","ppb","14","EQB #49(OZONE AND NO2) ZARZUELO STREET,MANSIONES DE CATANO","24","100.0000","42602","Nitrogen dioxide (NO2)","41980","San Juan-Carolina-Caguas, PR","72","Puerto Rico","033","Catano","18.434113116","-66.161278232"
"07/12/1999","AQS","720330006","1","18","ppb","17","EQB #49(OZONE AND NO2) ZARZUELO STREET,MANSIONES DE CATANO","24","100.0000","42602","Nitrogen dioxide (NO2)","41980","San Juan-Carolina-Caguas, PR","72","Puerto Rico","033","Catano","18.434113116","-66.161278232"
"07/13/1999","AQS","720330006","1","15","ppb","14","EQB #49(OZONE AND NO2) ZARZUELO STREET,MANSIONES DE CATANO","20","83.0000","42602","Nitrogen dioxide (NO2)","41980","San Juan-Carolina-Caguas, PR","72","Puerto Rico","033","Catano","18.434113116","-66.161278232"
"07/14/1999","AQS","720330006","1","20","ppb","19","EQB #49(OZONE AND NO2) ZARZUELO STREET,MANSIONES DE CATANO","23","96.0000","42602","Nitrogen dioxide (NO2)","41980","San Juan-Carolina-Caguas, PR","72","Puerto Rico","033","Catano","18.434113116","-66.161278232"
"07/15/1999","AQS","720330006","1","18","ppb","17","EQB #49(OZONE AND NO2) ZARZUELO STREET,MANSIONES DE CATANO","23","96.0000","42602","Nitrogen dioxide (NO2)","41980","San Juan-Carolina-Caguas, PR","72","Puerto Rico","033","Catano","18.434113116","-66.161278232"
"07/16/1999","AQS","720330006","1","30","ppb","28","EQB #49(OZONE AND NO2) ZARZUELO STREET,MANSIONES DE CATANO","21","88.0000","42602","Nitrogen dioxide (NO2)","41980","San Juan-Carolina-Caguas, PR","72","Puerto Rico","033","Catano","18.434113116","-66.161278232"
"07/17/1999","AQS","720330006","1","18","ppb","17","EQB #49(OZONE AND NO2) ZARZUELO STREET,MANSIONES DE CATANO","24","100.0000","42602","Nitrogen dioxide (NO2)","41980","San Juan-Carolina-Caguas, PR","72","Puerto Rico","033","Catano","18.434113116","-66.161278232"
"07/18/1999","AQS","720330006","1","12","ppb","11","EQB #49(OZONE AND NO2) ZARZUELO STREET,MANSIONES DE CATANO","24","100.0000","42602","Nitrogen dioxide (NO2)","41980","San Juan-Carolina-Caguas, PR","72","Puerto Rico","033","Catano","18.434113116","-66.161278232"
"07/19/1999","AQS","720330006","1","13","ppb","12","EQB #49(OZONE AND NO2) ZARZUELO STREET,MANSIONES DE CATANO","20","83.0000","42602","Nitrogen dioxide (NO2)","41980","San Juan-Carolina-Caguas, PR","72","Puerto Rico","033","Catano","18.434113116","-66.161278232"
"07/20/1999","AQS","720330006","1","17","ppb","16","EQB #49(OZONE AND NO2) ZARZUELO STREET,MANSIONES DE CATANO","24","100.0000","42602","Nitrogen dioxide (NO2)","41980","San Juan-Carolina-Caguas, PR","72","Puerto Rico","033","Catano","18.434113116","-66.161278232"
"07/21/1999","AQS","720330006","1","21","ppb","20","EQB #49(OZONE AND NO2) ZARZUELO STREET,MANSIONES DE CATANO","24","100.0000","42602","Nitrogen dioxide (NO2)","41980","San Juan-Carolina-Caguas, PR","72","Puerto Rico","033","Catano","18.434113116","-66.161278232"
"07/22/1999","AQS","720330006","1","17","ppb","16","EQB #49(OZONE AND NO2) ZARZUELO STREET,MANSIONES DE CATANO","22","92.0000","42602","Nitrogen dioxide (NO2)","41980","San Juan-Carolina-Caguas, PR","72","Puerto Rico","033","Catano","18.434113116","-66.161278232"
"07/23/1999","AQS","720330006","1","16","ppb","15","EQB #49(OZONE AND NO2) ZARZUELO STREET,MANSIONES DE CATANO","24","100.0000","42602","Nitrogen dioxide (NO2)","41980","San Juan-Carolina-Caguas, PR","72","Puerto Rico","033","Catano","18.434113116","-66.161278232"
"07/24/1999","AQS","720330006","1","18","ppb","17","EQB #49(OZONE AND NO2) ZARZUELO STREET,MANSIONES DE CATANO","24","100.0000","42602","Nitrogen dioxide (NO2)","41980","San Juan-Carolina-Caguas, PR","72","Puerto Rico","033","Catano","18.434113116","-66.161278232"
"07/25/1999","AQS","720330006","1","8","ppb","8","EQB #49(OZONE AND NO2) ZARZUELO STREET,MANSIONES DE CATANO","24","100.0000","42602","Nitrogen dioxide (NO2)","41980","San Juan-Carolina-Caguas, PR","72","Puerto Rico","033","Catano","18.434113116","-66.161278232"
"07/26/1999","AQS","720330006","1","10","ppb","9","EQB #49(OZONE AND NO2) ZARZUELO STREET,MANSIONES DE CATANO","24","100.0000","42602","Nitrogen dioxide (NO2)","41980","San Juan-Carolina-Caguas, PR","72","Puerto Rico","033","Catano","18.434113116","-66.161278232"
"07/27/1999","AQS","720330006","1","12","ppb","11","EQB #49(OZONE AND NO2) ZARZUELO STREET,MANSIONES DE CATANO","24","100.0000","42602","Nitrogen dioxide (NO2)","41980","San Juan-Carolina-Caguas, PR","72","Puerto Rico","033","Catano","18.434113116","-66.161278232"
"07/28/1999","AQS","720330006","1","13","ppb","12","EQB #49(OZONE AND NO2) ZARZUELO STREET,MANSIONES DE CATANO","24","100.0000","42602","Nitrogen dioxide (NO2)","41980","San Juan-Carolina-Caguas, PR","72","Puerto Rico","033","Catano","18.434113116","-66.161278232"
"07/29/1999","AQS","720330006","1","19","ppb","18","EQB #49(OZONE AND NO2) ZARZUELO STREET,MANSIONES DE CATANO","24","100.0000","42602","Nitrogen dioxide (NO2)","41980","San Juan-Carolina-Caguas, PR","72","Puerto Rico","033","Catano","18.434113116","-66.161278232"
"07/30/1999","AQS","720330006","1","27","ppb","25","EQB #49(OZONE AND NO2) ZARZUELO STREET,MANSIONES DE CATANO","24","100.0000","42602","Nitrogen dioxide (NO2)","41980","San Juan-Carolina-Caguas, PR","72","Puerto Rico","033","Catano","18.434113116","-66.161278232"
"07/31/1999","AQS","720330006","1","15","ppb","14","EQB #49(OZONE AND NO2) ZARZUELO STREET,MANSIONES DE CATANO","22","92.0000","42602","Nitrogen dioxide (NO2)","41980","San Juan-Carolina-Caguas, PR","72","Puerto Rico","033","Catano","18.434113116","-66.161278232"
"08/01/1999","AQS","720330006","1","14","ppb","13","EQB #49(OZONE AND NO2) ZARZUELO STREET,MANSIONES DE CATANO","24","100.0000","42602","Nitrogen dioxide (NO2)","41980","San Juan-Carolina-Caguas, PR","72","Puerto Rico","033","Catano","18.434113116","-66.161278232"
"08/02/1999","AQS","720330006","1","12","ppb","11","EQB #49(OZONE AND NO2) ZARZUELO STREET,MANSIONES DE CATANO","24","100.0000","42602","Nitrogen dioxide (NO2)","41980","San Juan-Carolina-Caguas, PR","72","Puerto Rico","033","Catano","18.434113116","-66.161278232"
"08/03/1999","AQS","720330006","1","27","ppb","25","EQB #49(OZONE AND NO2) ZARZUELO STREET,MANSIONES DE CATANO","23","96.0000","42602","Nitrogen dioxide (NO2)","41980","San Juan-Carolina-Caguas, PR","72","Puerto Rico","033","Catano","18.434113116","-66.161278232"
"08/04/1999","AQS","720330006","1","20","ppb","19","EQB #49(OZONE AND NO2) ZARZUELO STREET,MANSIONES DE CATANO","22","92.0000","42602","Nitrogen dioxide (NO2)","41980","San Juan-Carolina-Caguas, PR","72","Puerto Rico","033","Catano","18.434113116","-66.161278232"
"08/05/1999","AQS","720330006","1","15","ppb","14","EQB #49(OZONE AND NO2) ZARZUELO STREET,MANSIONES DE CATANO","21","88.0000","42602","Nitrogen dioxide (NO2)","41980","San Juan-Carolina-Caguas, PR","72","Puerto Rico","033","Catano","18.434113116","-66.161278232"
"08/06/1999","AQS","720330006","1","15","ppb","14","EQB #49(OZONE AND NO2) ZARZUELO STREET,MANSIONES DE CATANO","24","100.0000","42602","Nitrogen dioxide (NO2)","41980","San Juan-Carolina-Caguas, PR","72","Puerto Rico","033","Catano","18.434113116","-66.161278232"
"08/07/1999","AQS","720330006","1","20","ppb","19","EQB #49(OZONE AND NO2) ZARZUELO STREET,MANSIONES DE CATANO","24","100.0000","42602","Nitrogen dioxide (NO2)","41980","San Juan-Carolina-Caguas, PR","72","Puerto Rico","033","Catano","18.434113116","-66.161278232"
"08/08/1999","AQS","720330006","1","11","ppb","10","EQB #49(OZONE AND NO2) ZARZUELO STREET,MANSIONES DE CATANO","19","79.0000","42602","Nitrogen dioxide (NO2)","41980","San Juan-Carolina-Caguas, PR","72","Puerto Rico","033","Catano","18.434113116","-66.161278232"
"08/09/1999","AQS","720330006","1","10","ppb","9","EQB #49(OZONE AND NO2) ZARZUELO STREET,MANSIONES DE CATANO","24","100.0000","42602","Nitrogen dioxide (NO2)","41980","San Juan-Carolina-Caguas, PR","72","Puerto Rico","033","Catano","18.434113116","-66.161278232"
"08/10/1999","AQS","720330006","1","14","ppb","13","EQB #49(OZONE AND NO2) ZARZUELO STREET,MANSIONES DE CATANO","22","92.0000","42602","Nitrogen dioxide (NO2)","41980","San Juan-Carolina-Caguas, PR","72","Puerto Rico","033","Catano","18.434113116","-66.161278232"
"08/11/1999","AQS","720330006","1","12","ppb","11","EQB #49(OZONE AND NO2) ZARZUELO STREET,MANSIONES DE CATANO","24","100.0000","42602","Nitrogen dioxide (NO2)","41980","San Juan-Carolina-Caguas, PR","72","Puerto Rico","033","Catano","18.434113116","-66.161278232"
"08/12/1999","AQS","720330006","1","14","ppb","13","EQB #49(OZONE AND NO2) ZARZUELO STREET,MANSIONES DE CATANO","21","88.0000","42602","Nitrogen dioxide (NO2)","41980","San Juan-Carolina-Caguas, PR","72","Puerto Rico","033","Catano","18.434113116","-66.161278232"
"08/13/1999","AQS","720330006","1","14","ppb","13","EQB #49(OZONE AND NO2) ZARZUELO STREET,MANSIONES DE CATANO","24","100.0000","42602","Nitrogen dioxide (NO2)","41980","San Juan-Carolina-Caguas, PR","72","Puerto Rico","033","Catano","18.434113116","-66.161278232"
"08/14/1999","AQS","720330006","1","11","ppb","10","EQB #49(OZONE AND NO2) ZARZUELO STREET,MANSIONES DE CATANO","24","100.0000","42602","Nitrogen dioxide (NO2)","41980","San Juan-Carolina-Caguas, PR","72","Puerto Rico","033","Catano","18.434113116","-66.161278232"
"08/16/1999","AQS","720330006","1","23","ppb","22","EQB #49(OZONE AND NO2) ZARZUELO STREET,MANSIONES DE CATANO","21","88.0000","42602","Nitrogen dioxide (NO2)","41980","San Juan-Carolina-Caguas, PR","72","Puerto Rico","033","Catano","18.434113116","-66.161278232"
"08/17/1999","AQS","720330006","1","30","ppb","28","EQB #49(OZONE AND NO2) ZARZUELO STREET,MANSIONES DE CATANO","21","88.0000","42602","Nitrogen dioxide (NO2)","41980","San Juan-Carolina-Caguas, PR","72","Puerto Rico","033","Catano","18.434113116","-66.161278232"
"08/20/1999","AQS","720330006","1","15","ppb","14","EQB #49(OZONE AND NO2) ZARZUELO STREET,MANSIONES DE CATANO","24","100.0000","42602","Nitrogen dioxide (NO2)","41980","San Juan-Carolina-Caguas, PR","72","Puerto Rico","033","Catano","18.434113116","-66.161278232"
"08/21/1999","AQS","720330006","1","12","ppb","11","EQB #49(OZONE AND NO2) ZARZUELO STREET,MANSIONES DE CATANO","24","100.0000","42602","Nitrogen dioxide (NO2)","41980","San Juan-Carolina-Caguas, PR","72","Puerto Rico","033","Catano","18.434113116","-66.161278232"
"08/22/1999","AQS","720330006","1","19","ppb","18","EQB #49(OZONE AND NO2) ZARZUELO STREET,MANSIONES DE CATANO","24","100.0000","42602","Nitrogen dioxide (NO2)","41980","San Juan-Carolina-Caguas, PR","72","Puerto Rico","033","Catano","18.434113116","-66.161278232"
"08/23/1999","AQS","720330006","1","21","ppb","20","EQB #49(OZONE AND NO2) ZARZUELO STREET,MANSIONES DE CATANO","24","100.0000","42602","Nitrogen dioxide (NO2)","41980","San Juan-Carolina-Caguas, PR","72","Puerto Rico","033","Catano","18.434113116","-66.161278232"
"08/24/1999","AQS","720330006","1","13","ppb","12","EQB #49(OZONE AND NO2) ZARZUELO STREET,MANSIONES DE CATANO","24","100.0000","42602","Nitrogen dioxide (NO2)","41980","San Juan-Carolina-Caguas, PR","72","Puerto Rico","033","Catano","18.434113116","-66.161278232"
"08/25/1999","AQS","720330006","1","13","ppb","12","EQB #49(OZONE AND NO2) ZARZUELO STREET,MANSIONES DE CATANO","24","100.0000","42602","Nitrogen dioxide (NO2)","41980","San Juan-Carolina-Caguas, PR","72","Puerto Rico","033","Catano","18.434113116","-66.161278232"
"09/15/1999","AQS","720330006","1","14","ppb","13","EQB #49(OZONE AND NO2) ZARZUELO STREET,MANSIONES DE CATANO","24","100.0000","42602","Nitrogen dioxide (NO2)","41980","San Juan-Carolina-Caguas, PR","72","Puerto Rico","033","Catano","18.434113116","-66.161278232"
"09/16/1999","AQS","720330006","1","21","ppb","20","EQB #49(OZONE AND NO2) ZARZUELO STREET,MANSIONES DE CATANO","22","92.0000","42602","Nitrogen dioxide (NO2)","41980","San Juan-Carolina-Caguas, PR","72","Puerto Rico","033","Catano","18.434113116","-66.161278232"
"09/17/1999","AQS","720330006","1","12","ppb","11","EQB #49(OZONE AND NO2) ZARZUELO STREET,MANSIONES DE CATANO","24","100.0000","42602","Nitrogen dioxide (NO2)","41980","San Juan-Carolina-Caguas, PR","72","Puerto Rico","033","Catano","18.434113116","-66.161278232"
"09/18/1999","AQS","720330006","1","7","ppb","7","EQB #49(OZONE AND NO2) ZARZUELO STREET,MANSIONES DE CATANO","24","100.0000","42602","Nitrogen dioxide (NO2)","41980","San Juan-Carolina-Caguas, PR","72","Puerto Rico","033","Catano","18.434113116","-66.161278232"
"09/19/1999","AQS","720330006","1","13","ppb","12","EQB #49(OZONE AND NO2) ZARZUELO STREET,MANSIONES DE CATANO","24","100.0000","42602","Nitrogen dioxide (NO2)","41980","San Juan-Carolina-Caguas, PR","72","Puerto Rico","033","Catano","18.434113116","-66.161278232"
"09/20/1999","AQS","720330006","1","22","ppb","21","EQB #49(OZONE AND NO2) ZARZUELO STREET,MANSIONES DE CATANO","24","100.0000","42602","Nitrogen dioxide (NO2)","41980","San Juan-Carolina-Caguas, PR","72","Puerto Rico","033","Catano","18.434113116","-66.161278232"
"09/21/1999","AQS","720330006","1","27","ppb","25","EQB #49(OZONE AND NO2) ZARZUELO STREET,MANSIONES DE CATANO","23","96.0000","42602","Nitrogen dioxide (NO2)","41980","San Juan-Carolina-Caguas, PR","72","Puerto Rico","033","Catano","18.434113116","-66.161278232"
"09/22/1999","AQS","720330006","1","12","ppb","11","EQB #49(OZONE AND NO2) ZARZUELO STREET,MANSIONES DE CATANO","24","100.0000","42602","Nitrogen dioxide (NO2)","41980","San Juan-Carolina-Caguas, PR","72","Puerto Rico","033","Catano","18.434113116","-66.161278232"
"09/23/1999","AQS","720330006","1","13","ppb","12","EQB #49(OZONE AND NO2) ZARZUELO STREET,MANSIONES DE CATANO","22","92.0000","42602","Nitrogen dioxide (NO2)","41980","San Juan-Carolina-Caguas, PR","72","Puerto Rico","033","Catano","18.434113116","-66.161278232"
"09/24/1999","AQS","720330006","1","19","ppb","18","EQB #49(OZONE AND NO2) ZARZUELO STREET,MANSIONES DE CATANO","22","92.0000","42602","Nitrogen dioxide (NO2)","41980","San Juan-Carolina-Caguas, PR","72","Puerto Rico","033","Catano","18.434113116","-66.161278232"
"09/25/1999","AQS","720330006","1","10","ppb","9","EQB #49(OZONE AND NO2) ZARZUELO STREET,MANSIONES DE CATANO","24","100.0000","42602","Nitrogen dioxide (NO2)","41980","San Juan-Carolina-Caguas, PR","72","Puerto Rico","033","Catano","18.434113116","-66.161278232"
"09/26/1999","AQS","720330006","1","13","ppb","12","EQB #49(OZONE AND NO2) ZARZUELO STREET,MANSIONES DE CATANO","24","100.0000","42602","Nitrogen dioxide (NO2)","41980","San Juan-Carolina-Caguas, PR","72","Puerto Rico","033","Catano","18.434113116","-66.161278232"
"09/27/1999","AQS","720330006","1","19","ppb","18","EQB #49(OZONE AND NO2) ZARZUELO STREET,MANSIONES DE CATANO","24","100.0000","42602","Nitrogen dioxide (NO2)","41980","San Juan-Carolina-Caguas, PR","72","Puerto Rico","033","Catano","18.434113116","-66.161278232"
"09/28/1999","AQS","720330006","1","20","ppb","19","EQB #49(OZONE AND NO2) ZARZUELO STREET,MANSIONES DE CATANO","24","100.0000","42602","Nitrogen dioxide (NO2)","41980","San Juan-Carolina-Caguas, PR","72","Puerto Rico","033","Catano","18.434113116","-66.161278232"
"09/29/1999","AQS","720330006","1","17","ppb","16","EQB #49(OZONE AND NO2) ZARZUELO STREET,MANSIONES DE CATANO","22","92.0000","42602","Nitrogen dioxide (NO2)","41980","San Juan-Carolina-Caguas, PR","72","Puerto Rico","033","Catano","18.434113116","-66.161278232"
"09/30/1999","AQS","720330006","1","14","ppb","13","EQB #49(OZONE AND NO2) ZARZUELO STREET,MANSIONES DE CATANO","24","100.0000","42602","Nitrogen dioxide (NO2)","41980","San Juan-Carolina-Caguas, PR","72","Puerto Rico","033","Catano","18.434113116","-66.161278232"
"10/01/1999","AQS","720330006","1","16","ppb","15","EQB #49(OZONE AND NO2) ZARZUELO STREET,MANSIONES DE CATANO","22","92.0000","42602","Nitrogen dioxide (NO2)","41980","San Juan-Carolina-Caguas, PR","72","Puerto Rico","033","Catano","18.434113116","-66.161278232"
"10/02/1999","AQS","720330006","1","17","ppb","16","EQB #49(OZONE AND NO2) ZARZUELO STREET,MANSIONES DE CATANO","24","100.0000","42602","Nitrogen dioxide (NO2)","41980","San Juan-Carolina-Caguas, PR","72","Puerto Rico","033","Catano","18.434113116","-66.161278232"
"10/03/1999","AQS","720330006","1","9","ppb","8","EQB #49(OZONE AND NO2) ZARZUELO STREET,MANSIONES DE CATANO","24","100.0000","42602","Nitrogen dioxide (NO2)","41980","San Juan-Carolina-Caguas, PR","72","Puerto Rico","033","Catano","18.434113116","-66.161278232"
"10/04/1999","AQS","720330006","1","16","ppb","15","EQB #49(OZONE AND NO2) ZARZUELO STREET,MANSIONES DE CATANO","24","100.0000","42602","Nitrogen dioxide (NO2)","41980","San Juan-Carolina-Caguas, PR","72","Puerto Rico","033","Catano","18.434113116","-66.161278232"
"10/05/1999","AQS","720330006","1","14","ppb","13","EQB #49(OZONE AND NO2) ZARZUELO STREET,MANSIONES DE CATANO","24","100.0000","42602","Nitrogen dioxide (NO2)","41980","San Juan-Carolina-Caguas, PR","72","Puerto Rico","033","Catano","18.434113116","-66.161278232"
"10/06/1999","AQS","720330006","1","17","ppb","16","EQB #49(OZONE AND NO2) ZARZUELO STREET,MANSIONES DE CATANO","24","100.0000","42602","Nitrogen dioxide (NO2)","41980","San Juan-Carolina-Caguas, PR","72","Puerto Rico","033","Catano","18.434113116","-66.161278232"
"10/07/1999","AQS","720330006","1","17","ppb","16","EQB #49(OZONE AND NO2) ZARZUELO STREET,MANSIONES DE CATANO","22","92.0000","42602","Nitrogen dioxide (NO2)","41980","San Juan-Carolina-Caguas, PR","72","Puerto Rico","033","Catano","18.434113116","-66.161278232"
"10/08/1999","AQS","720330006","1","17","ppb","16","EQB #49(OZONE AND NO2) ZARZUELO STREET,MANSIONES DE CATANO","22","92.0000","42602","Nitrogen dioxide (NO2)","41980","San Juan-Carolina-Caguas, PR","72","Puerto Rico","033","Catano","18.434113116","-66.161278232"
"10/28/1999","AQS","720330006","1","31","ppb","29","EQB #49(OZONE AND NO2) ZARZUELO STREET,MANSIONES DE CATANO","24","100.0000","42602","Nitrogen dioxide (NO2)","41980","San Juan-Carolina-Caguas, PR","72","Puerto Rico","033","Catano","18.434113116","-66.161278232"
"11/03/1999","AQS","720330006","1","25","ppb","24","EQB #49(OZONE AND NO2) ZARZUELO STREET,MANSIONES DE CATANO","24","100.0000","42602","Nitrogen dioxide (NO2)","41980","San Juan-Carolina-Caguas, PR","72","Puerto Rico","033","Catano","18.434113116","-66.161278232"
"11/04/1999","AQS","720330006","1","21","ppb","20","EQB #49(OZONE AND NO2) ZARZUELO STREET,MANSIONES DE CATANO","22","92.0000","42602","Nitrogen dioxide (NO2)","41980","San Juan-Carolina-Caguas, PR","72","Puerto Rico","033","Catano","18.434113116","-66.161278232"
"11/05/1999","AQS","720330006","1","20","ppb","19","EQB #49(OZONE AND NO2) ZARZUELO STREET,MANSIONES DE CATANO","22","92.0000","42602","Nitrogen dioxide (NO2)","41980","San Juan-Carolina-Caguas, PR","72","Puerto Rico","033","Catano","18.434113116","-66.161278232"
"11/06/1999","AQS","720330006","1","20","ppb","19","EQB #49(OZONE AND NO2) ZARZUELO STREET,MANSIONES DE CATANO","24","100.0000","42602","Nitrogen dioxide (NO2)","41980","San Juan-Carolina-Caguas, PR","72","Puerto Rico","033","Catano","18.434113116","-66.161278232"
"11/07/1999","AQS","720330006","1","18","ppb","17","EQB #49(OZONE AND NO2) ZARZUELO STREET,MANSIONES DE CATANO","24","100.0000","42602","Nitrogen dioxide (NO2)","41980","San Juan-Carolina-Caguas, PR","72","Puerto Rico","033","Catano","18.434113116","-66.161278232"
"11/08/1999","AQS","720330006","1","25","ppb","24","EQB #49(OZONE AND NO2) ZARZUELO STREET,MANSIONES DE CATANO","20","83.0000","42602","Nitrogen dioxide (NO2)","41980","San Juan-Carolina-Caguas, PR","72","Puerto Rico","033","Catano","18.434113116","-66.161278232"
"11/09/1999","AQS","720330006","1","28","ppb","26","EQB #49(OZONE AND NO2) ZARZUELO STREET,MANSIONES DE CATANO","24","100.0000","42602","Nitrogen dioxide (NO2)","41980","San Juan-Carolina-Caguas, PR","72","Puerto Rico","033","Catano","18.434113116","-66.161278232"
"11/10/1999","AQS","720330006","1","19","ppb","18","EQB #49(OZONE AND NO2) ZARZUELO STREET,MANSIONES DE CATANO","24","100.0000","42602","Nitrogen dioxide (NO2)","41980","San Juan-Carolina-Caguas, PR","72","Puerto Rico","033","Catano","18.434113116","-66.161278232"
"11/11/1999","AQS","720330006","1","17","ppb","16","EQB #49(OZONE AND NO2) ZARZUELO STREET,MANSIONES DE CATANO","24","100.0000","42602","Nitrogen dioxide (NO2)","41980","San Juan-Carolina-Caguas, PR","72","Puerto Rico","033","Catano","18.434113116","-66.161278232"
"11/12/1999","AQS","720330006","1","24","ppb","23","EQB #49(OZONE AND NO2) ZARZUELO STREET,MANSIONES DE CATANO","23","96.0000","42602","Nitrogen dioxide (NO2)","41980","San Juan-Carolina-Caguas, PR","72","Puerto Rico","033","Catano","18.434113116","-66.161278232"
"11/13/1999","AQS","720330006","1","25","ppb","24","EQB #49(OZONE AND NO2) ZARZUELO STREET,MANSIONES DE CATANO","24","100.0000","42602","Nitrogen dioxide (NO2)","41980","San Juan-Carolina-Caguas, PR","72","Puerto Rico","033","Catano","18.434113116","-66.161278232"
"11/14/1999","AQS","720330006","1","12","ppb","11","EQB #49(OZONE AND NO2) ZARZUELO STREET,MANSIONES DE CATANO","24","100.0000","42602","Nitrogen dioxide (NO2)","41980","San Juan-Carolina-Caguas, PR","72","Puerto Rico","033","Catano","18.434113116","-66.161278232"
"11/29/1999","AQS","720330006","1","18","ppb","17","EQB #49(OZONE AND NO2) ZARZUELO STREET,MANSIONES DE CATANO","24","100.0000","42602","Nitrogen dioxide (NO2)","41980","San Juan-Carolina-Caguas, PR","72","Puerto Rico","033","Catano","18.434113116","-66.161278232"
"11/30/1999","AQS","720330006","1","22","ppb","21","EQB #49(OZONE AND NO2) ZARZUELO STREET,MANSIONES DE CATANO","24","100.0000","42602","Nitrogen dioxide (NO2)","41980","San Juan-Carolina-Caguas, PR","72","Puerto Rico","033","Catano","18.434113116","-66.161278232"
"12/01/1999","AQS","720330006","1","16","ppb","15","EQB #49(OZONE AND NO2) ZARZUELO STREET,MANSIONES DE CATANO","22","92.0000","42602","Nitrogen dioxide (NO2)","41980","San Juan-Carolina-Caguas, PR","72","Puerto Rico","033","Catano","18.434113116","-66.161278232"
"12/02/1999","AQS","720330006","1","13","ppb","12","EQB #49(OZONE AND NO2) ZARZUELO STREET,MANSIONES DE CATANO","24","100.0000","42602","Nitrogen dioxide (NO2)","41980","San Juan-Carolina-Caguas, PR","72","Puerto Rico","033","Catano","18.434113116","-66.161278232"
"12/03/1999","AQS","720330006","1","9","ppb","8","EQB #49(OZONE AND NO2) ZARZUELO STREET,MANSIONES DE CATANO","23","96.0000","42602","Nitrogen dioxide (NO2)","41980","San Juan-Carolina-Caguas, PR","72","Puerto Rico","033","Catano","18.434113116","-66.161278232"
"12/04/1999","AQS","720330006","1","15","ppb","14","EQB #49(OZONE AND NO2) ZARZUELO STREET,MANSIONES DE CATANO","24","100.0000","42602","Nitrogen dioxide (NO2)","41980","San Juan-Carolina-Caguas, PR","72","Puerto Rico","033","Catano","18.434113116","-66.161278232"
"12/05/1999","AQS","720330006","1","11","ppb","10","EQB #49(OZONE AND NO2) ZARZUELO STREET,MANSIONES DE CATANO","24","100.0000","42602","Nitrogen dioxide (NO2)","41980","San Juan-Carolina-Caguas, PR","72","Puerto Rico","033","Catano","18.434113116","-66.161278232"
"12/06/1999","AQS","720330006","1","21","ppb","20","EQB #49(OZONE AND NO2) ZARZUELO STREET,MANSIONES DE CATANO","24","100.0000","42602","Nitrogen dioxide (NO2)","41980","San Juan-Carolina-Caguas, PR","72","Puerto Rico","033","Catano","18.434113116","-66.161278232"
"12/07/1999","AQS","720330006","1","20","ppb","19","EQB #49(OZONE AND NO2) ZARZUELO STREET,MANSIONES DE CATANO","24","100.0000","42602","Nitrogen dioxide (NO2)","41980","San Juan-Carolina-Caguas, PR","72","Puerto Rico","033","Catano","18.434113116","-66.161278232"
"12/08/1999","AQS","720330006","1","9","ppb","8","EQB #49(OZONE AND NO2) ZARZUELO STREET,MANSIONES DE CATANO","24","100.0000","42602","Nitrogen dioxide (NO2)","41980","San Juan-Carolina-Caguas, PR","72","Puerto Rico","033","Catano","18.434113116","-66.161278232"
"12/09/1999","AQS","720330006","1","23","ppb","22","EQB #49(OZONE AND NO2) ZARZUELO STREET,MANSIONES DE CATANO","21","88.0000","42602","Nitrogen dioxide (NO2)","41980","San Juan-Carolina-Caguas, PR","72","Puerto Rico","033","Catano","18.434113116","-66.161278232"
"12/10/1999","AQS","720330006","1","27","ppb","25","EQB #49(OZONE AND NO2) ZARZUELO STREET,MANSIONES DE CATANO","24","100.0000","42602","Nitrogen dioxide (NO2)","41980","San Juan-Carolina-Caguas, PR","72","Puerto Rico","033","Catano","18.434113116","-66.161278232"
"12/11/1999","AQS","720330006","1","31","ppb","29","EQB #49(OZONE AND NO2) ZARZUELO STREET,MANSIONES DE CATANO","24","100.0000","42602","Nitrogen dioxide (NO2)","41980","San Juan-Carolina-Caguas, PR","72","Puerto Rico","033","Catano","18.434113116","-66.161278232"
"12/12/1999","AQS","720330006","1","24","ppb","23","EQB #49(OZONE AND NO2) ZARZUELO STREET,MANSIONES DE CATANO","24","100.0000","42602","Nitrogen dioxide (NO2)","41980","San Juan-Carolina-Caguas, PR","72","Puerto Rico","033","Catano","18.434113116","-66.161278232"
"12/13/1999","AQS","720330006","1","25","ppb","24","EQB #49(OZONE AND NO2) ZARZUELO STREET,MANSIONES DE CATANO","24","100.0000","42602","Nitrogen dioxide (NO2)","41980","San Juan-Carolina-Caguas, PR","72","Puerto Rico","033","Catano","18.434113116","-66.161278232"
"12/14/1999","AQS","720330006","1","30","ppb","28","EQB #49(OZONE AND NO2) ZARZUELO STREET,MANSIONES DE CATANO","24","100.0000","42602","Nitrogen dioxide (NO2)","41980","San Juan-Carolina-Caguas, PR","72","Puerto Rico","033","Catano","18.434113116","-66.161278232"
"12/17/1999","AQS","720330006","1","35","ppb","33","EQB #49(OZONE AND NO2) ZARZUELO STREET,MANSIONES DE CATANO","21","88.0000","42602","Nitrogen dioxide (NO2)","41980","San Juan-Carolina-Caguas, PR","72","Puerto Rico","033","Catano","18.434113116","-66.161278232"
"12/18/1999","AQS","720330006","1","31","ppb","29","EQB #49(OZONE AND NO2) ZARZUELO STREET,MANSIONES DE CATANO","24","100.0000","42602","Nitrogen dioxide (NO2)","41980","San Juan-Carolina-Caguas, PR","72","Puerto Rico","033","Catano","18.434113116","-66.161278232"
"12/19/1999","AQS","720330006","1","21","ppb","20","EQB #49(OZONE AND NO2) ZARZUELO STREET,MANSIONES DE CATANO","24","100.0000","42602","Nitrogen dioxide (NO2)","41980","San Juan-Carolina-Caguas, PR","72","Puerto Rico","033","Catano","18.434113116","-66.161278232"
"12/20/1999","AQS","720330006","1","31","ppb","29","EQB #49(OZONE AND NO2) ZARZUELO STREET,MANSIONES DE CATANO","24","100.0000","42602","Nitrogen dioxide (NO2)","41980","San Juan-Carolina-Caguas, PR","72","Puerto Rico","033","Catano","18.434113116","-66.161278232"
"12/21/1999","AQS","720330006","1","17","ppb","16","EQB #49(OZONE AND NO2) ZARZUELO STREET,MANSIONES DE CATANO","20","83.0000","42602","Nitrogen dioxide (NO2)","41980","San Juan-Carolina-Caguas, PR","72","Puerto Rico","033","Catano","18.434113116","-66.161278232"
"12/22/1999","AQS","720330006","1","63","ppb","61","EQB #49(OZONE AND NO2) ZARZUELO STREET,MANSIONES DE CATANO","24","100.0000","42602","Nitrogen dioxide (NO2)","41980","San Juan-Carolina-Caguas, PR","72","Puerto Rico","033","Catano","18.434113116","-66.161278232"
"12/23/1999","AQS","720330006","1","21","ppb","20","EQB #49(OZONE AND NO2) ZARZUELO STREET,MANSIONES DE CATANO","23","96.0000","42602","Nitrogen dioxide (NO2)","41980","San Juan-Carolina-Caguas, PR","72","Puerto Rico","033","Catano","18.434113116","-66.161278232"
"12/24/1999","AQS","720330006","1","24","ppb","23","EQB #49(OZONE AND NO2) ZARZUELO STREET,MANSIONES DE CATANO","23","96.0000","42602","Nitrogen dioxide (NO2)","41980","San Juan-Carolina-Caguas, PR","72","Puerto Rico","033","Catano","18.434113116","-66.161278232"
"12/25/1999","AQS","720330006","1","23","ppb","22","EQB #49(OZONE AND NO2) ZARZUELO STREET,MANSIONES DE CATANO","24","100.0000","42602","Nitrogen dioxide (NO2)","41980","San Juan-Carolina-Caguas, PR","72","Puerto Rico","033","Catano","18.434113116","-66.161278232"
"12/26/1999","AQS","720330006","1","24","ppb","23","EQB #49(OZONE AND NO2) ZARZUELO STREET,MANSIONES DE CATANO","24","100.0000","42602","Nitrogen dioxide (NO2)","41980","San Juan-Carolina-Caguas, PR","72","Puerto Rico","033","Catano","18.434113116","-66.161278232"
"12/27/1999","AQS","720330006","1","19","ppb","18","EQB #49(OZONE AND NO2) ZARZUELO STREET,MANSIONES DE CATANO","24","100.0000","42602","Nitrogen dioxide (NO2)","41980","San Juan-Carolina-Caguas, PR","72","Puerto Rico","033","Catano","18.434113116","-66.161278232"
"12/28/1999","AQS","720330006","1","23","ppb","22","EQB #49(OZONE AND NO2) ZARZUELO STREET,MANSIONES DE CATANO","24","100.0000","42602","Nitrogen dioxide (NO2)","41980","San Juan-Carolina-Caguas, PR","72","Puerto Rico","033","Catano","18.434113116","-66.161278232"
"12/29/1999","AQS","720330006","1","28","ppb","26","EQB #49(OZONE AND NO2) ZARZUELO STREET,MANSIONES DE CATANO","21","88.0000","42602","Nitrogen dioxide (NO2)","41980","San Juan-Carolina-Caguas, PR","72","Puerto Rico","033","Catano","18.434113116","-66.161278232"
"12/30/1999","AQS","720330006","1","24","ppb","23","EQB #49(OZONE AND NO2) ZARZUELO STREET,MANSIONES DE CATANO","24","100.0000","42602","Nitrogen dioxide (NO2)","41980","San Juan-Carolina-Caguas, PR","72","Puerto Rico","033","Catano","18.434113116","-66.161278232"
"12/31/1999","AQS","720330006","1","32","ppb","30","EQB #49(OZONE AND NO2) ZARZUELO STREET,MANSIONES DE CATANO","24","100.0000","42602","Nitrogen dioxide (NO2)","41980","San Juan-Carolina-Caguas, PR","72","Puerto Rico","033","Catano","18.434113116","-66.161278232"
