"Date","Source","Site ID","POC","Daily Max 1-hour SO2 Concentration","UNITS","DAILY_AQI_VALUE","Site Name","DAILY_OBS_COUNT","PERCENT_COMPLETE","AQS_PARAMETER_CODE","AQS_PARAMETER_DESC","CBSA_CODE","CBSA_NAME","STATE_CODE","STATE","COUNTY_CODE","COUNTY","SITE_LATITUDE","SITE_LONGITUDE"
"01/30/2020","AQS","720210010","1","1.2","ppb","1","","24","100.0000","42401","Sulfur dioxide","41980","San Juan-Carolina-Caguas, PR","72","Puerto Rico","021","Bayamon","18.420089117091","-66.1506154959386"
"01/31/2020","AQS","720210010","1","1.5","ppb","1","","24","100.0000","42401","Sulfur dioxide","41980","San Juan-Carolina-Caguas, PR","72","Puerto Rico","021","Bayamon","18.420089117091","-66.1506154959386"
"02/01/2020","AQS","720210010","1","1.1","ppb","1","","24","100.0000","42401","Sulfur dioxide","41980","San Juan-Carolina-Caguas, PR","72","Puerto Rico","021","Bayamon","18.420089117091","-66.1506154959386"
"02/02/2020","AQS","720210010","1","1.2","ppb","1","","24","100.0000","42401","Sulfur dioxide","41980","San Juan-Carolina-Caguas, PR","72","Puerto Rico","021","Bayamon","18.420089117091","-66.1506154959386"
"02/05/2020","AQS","720210010","1","1.9","ppb","1","","24","100.0000","42401","Sulfur dioxide","41980","San Juan-Carolina-Caguas, PR","72","Puerto Rico","021","Bayamon","18.420089117091","-66.1506154959386"
"02/06/2020","AQS","720210010","1","1.3","ppb","1","","24","100.0000","42401","Sulfur dioxide","41980","San Juan-Carolina-Caguas, PR","72","Puerto Rico","021","Bayamon","18.420089117091","-66.1506154959386"
"02/07/2020","AQS","720210010","1","1.6","ppb","1","","24","100.0000","42401","Sulfur dioxide","41980","San Juan-Carolina-Caguas, PR","72","Puerto Rico","021","Bayamon","18.420089117091","-66.1506154959386"
"02/08/2020","AQS","720210010","1","4.2","ppb","6","","24","100.0000","42401","Sulfur dioxide","41980","San Juan-Carolina-Caguas, PR","72","Puerto Rico","021","Bayamon","18.420089117091","-66.1506154959386"
"02/09/2020","AQS","720210010","1","1.1","ppb","1","","24","100.0000","42401","Sulfur dioxide","41980","San Juan-Carolina-Caguas, PR","72","Puerto Rico","021","Bayamon","18.420089117091","-66.1506154959386"
"02/10/2020","AQS","720210010","1","1.8","ppb","1","","22","92.0000","42401","Sulfur dioxide","41980","San Juan-Carolina-Caguas, PR","72","Puerto Rico","021","Bayamon","18.420089117091","-66.1506154959386"
"02/11/2020","AQS","720210010","1","3.1","ppb","4","","24","100.0000","42401","Sulfur dioxide","41980","San Juan-Carolina-Caguas, PR","72","Puerto Rico","021","Bayamon","18.420089117091","-66.1506154959386"
"02/12/2020","AQS","720210010","1","1.3","ppb","1","","24","100.0000","42401","Sulfur dioxide","41980","San Juan-Carolina-Caguas, PR","72","Puerto Rico","021","Bayamon","18.420089117091","-66.1506154959386"
"02/13/2020","AQS","720210010","1","5.5","ppb","7","","24","100.0000","42401","Sulfur dioxide","41980","San Juan-Carolina-Caguas, PR","72","Puerto Rico","021","Bayamon","18.420089117091","-66.1506154959386"
"02/14/2020","AQS","720210010","1","1.5","ppb","1","","24","100.0000","42401","Sulfur dioxide","41980","San Juan-Carolina-Caguas, PR","72","Puerto Rico","021","Bayamon","18.420089117091","-66.1506154959386"
"02/15/2020","AQS","720210010","1","1.3","ppb","1","","24","100.0000","42401","Sulfur dioxide","41980","San Juan-Carolina-Caguas, PR","72","Puerto Rico","021","Bayamon","18.420089117091","-66.1506154959386"
"02/16/2020","AQS","720210010","1","1.2","ppb","1","","24","100.0000","42401","Sulfur dioxide","41980","San Juan-Carolina-Caguas, PR","72","Puerto Rico","021","Bayamon","18.420089117091","-66.1506154959386"
"02/17/2020","AQS","720210010","1","1.2","ppb","1","","24","100.0000","42401","Sulfur dioxide","41980","San Juan-Carolina-Caguas, PR","72","Puerto Rico","021","Bayamon","18.420089117091","-66.1506154959386"
"02/18/2020","AQS","720210010","1","3.4","ppb","4","","24","100.0000","42401","Sulfur dioxide","41980","San Juan-Carolina-Caguas, PR","72","Puerto Rico","021","Bayamon","18.420089117091","-66.1506154959386"
"02/19/2020","AQS","720210010","1","1.8","ppb","1","","24","100.0000","42401","Sulfur dioxide","41980","San Juan-Carolina-Caguas, PR","72","Puerto Rico","021","Bayamon","18.420089117091","-66.1506154959386"
"02/20/2020","AQS","720210010","1","2.8","ppb","3","","24","100.0000","42401","Sulfur dioxide","41980","San Juan-Carolina-Caguas, PR","72","Puerto Rico","021","Bayamon","18.420089117091","-66.1506154959386"
"02/21/2020","AQS","720210010","1","1.3","ppb","1","","24","100.0000","42401","Sulfur dioxide","41980","San Juan-Carolina-Caguas, PR","72","Puerto Rico","021","Bayamon","18.420089117091","-66.1506154959386"
"02/22/2020","AQS","720210010","1","1.5","ppb","1","","24","100.0000","42401","Sulfur dioxide","41980","San Juan-Carolina-Caguas, PR","72","Puerto Rico","021","Bayamon","18.420089117091","-66.1506154959386"
"02/23/2020","AQS","720210010","1","1.3","ppb","1","","24","100.0000","42401","Sulfur dioxide","41980","San Juan-Carolina-Caguas, PR","72","Puerto Rico","021","Bayamon","18.420089117091","-66.1506154959386"
"02/24/2020","AQS","720210010","1","1.2","ppb","1","","24","100.0000","42401","Sulfur dioxide","41980","San Juan-Carolina-Caguas, PR","72","Puerto Rico","021","Bayamon","18.420089117091","-66.1506154959386"
"02/25/2020","AQS","720210010","1","2.5","ppb","3","","23","96.0000","42401","Sulfur dioxide","41980","San Juan-Carolina-Caguas, PR","72","Puerto Rico","021","Bayamon","18.420089117091","-66.1506154959386"
"02/26/2020","AQS","720210010","1","1.8","ppb","1","","24","100.0000","42401","Sulfur dioxide","41980","San Juan-Carolina-Caguas, PR","72","Puerto Rico","021","Bayamon","18.420089117091","-66.1506154959386"
"02/27/2020","AQS","720210010","1","71.7","ppb","95","","24","100.0000","42401","Sulfur dioxide","41980","San Juan-Carolina-Caguas, PR","72","Puerto Rico","021","Bayamon","18.420089117091","-66.1506154959386"
"02/28/2020","AQS","720210010","1","35.4","ppb","50","","24","100.0000","42401","Sulfur dioxide","41980","San Juan-Carolina-Caguas, PR","72","Puerto Rico","021","Bayamon","18.420089117091","-66.1506154959386"
"02/29/2020","AQS","720210010","1","0.7","ppb","0","","24","100.0000","42401","Sulfur dioxide","41980","San Juan-Carolina-Caguas, PR","72","Puerto Rico","021","Bayamon","18.420089117091","-66.1506154959386"
"03/01/2020","AQS","720210010","1","1.1","ppb","1","","24","100.0000","42401","Sulfur dioxide","41980","San Juan-Carolina-Caguas, PR","72","Puerto Rico","021","Bayamon","18.420089117091","-66.1506154959386"
"03/02/2020","AQS","720210010","1","0.7","ppb","0","","24","100.0000","42401","Sulfur dioxide","41980","San Juan-Carolina-Caguas, PR","72","Puerto Rico","021","Bayamon","18.420089117091","-66.1506154959386"
"03/03/2020","AQS","720210010","1","1.1","ppb","1","","24","100.0000","42401","Sulfur dioxide","41980","San Juan-Carolina-Caguas, PR","72","Puerto Rico","021","Bayamon","18.420089117091","-66.1506154959386"
"03/04/2020","AQS","720210010","1","1.7","ppb","1","","24","100.0000","42401","Sulfur dioxide","41980","San Juan-Carolina-Caguas, PR","72","Puerto Rico","021","Bayamon","18.420089117091","-66.1506154959386"
"03/05/2020","AQS","720210010","1","1.1","ppb","1","","24","100.0000","42401","Sulfur dioxide","41980","San Juan-Carolina-Caguas, PR","72","Puerto Rico","021","Bayamon","18.420089117091","-66.1506154959386"
"03/06/2020","AQS","720210010","1","1","ppb","1","","24","100.0000","42401","Sulfur dioxide","41980","San Juan-Carolina-Caguas, PR","72","Puerto Rico","021","Bayamon","18.420089117091","-66.1506154959386"
"03/07/2020","AQS","720210010","1","0.7","ppb","0","","24","100.0000","42401","Sulfur dioxide","41980","San Juan-Carolina-Caguas, PR","72","Puerto Rico","021","Bayamon","18.420089117091","-66.1506154959386"
"03/08/2020","AQS","720210010","1","0.7","ppb","0","","24","100.0000","42401","Sulfur dioxide","41980","San Juan-Carolina-Caguas, PR","72","Puerto Rico","021","Bayamon","18.420089117091","-66.1506154959386"
"03/09/2020","AQS","720210010","1","0.4","ppb","0","","22","92.0000","42401","Sulfur dioxide","41980","San Juan-Carolina-Caguas, PR","72","Puerto Rico","021","Bayamon","18.420089117091","-66.1506154959386"
"03/10/2020","AQS","720210010","1","1.1","ppb","1","","24","100.0000","42401","Sulfur dioxide","41980","San Juan-Carolina-Caguas, PR","72","Puerto Rico","021","Bayamon","18.420089117091","-66.1506154959386"
"03/11/2020","AQS","720210010","1","1.6","ppb","1","","24","100.0000","42401","Sulfur dioxide","41980","San Juan-Carolina-Caguas, PR","72","Puerto Rico","021","Bayamon","18.420089117091","-66.1506154959386"
"03/12/2020","AQS","720210010","1","0.7","ppb","0","","24","100.0000","42401","Sulfur dioxide","41980","San Juan-Carolina-Caguas, PR","72","Puerto Rico","021","Bayamon","18.420089117091","-66.1506154959386"
"03/13/2020","AQS","720210010","1","0.7","ppb","0","","24","100.0000","42401","Sulfur dioxide","41980","San Juan-Carolina-Caguas, PR","72","Puerto Rico","021","Bayamon","18.420089117091","-66.1506154959386"
"03/14/2020","AQS","720210010","1","2.2","ppb","3","","24","100.0000","42401","Sulfur dioxide","41980","San Juan-Carolina-Caguas, PR","72","Puerto Rico","021","Bayamon","18.420089117091","-66.1506154959386"
"03/15/2020","AQS","720210010","1","1.8","ppb","1","","24","100.0000","42401","Sulfur dioxide","41980","San Juan-Carolina-Caguas, PR","72","Puerto Rico","021","Bayamon","18.420089117091","-66.1506154959386"
"03/16/2020","AQS","720210010","1","2.6","ppb","3","","24","100.0000","42401","Sulfur dioxide","41980","San Juan-Carolina-Caguas, PR","72","Puerto Rico","021","Bayamon","18.420089117091","-66.1506154959386"
"03/17/2020","AQS","720210010","1","0.4","ppb","0","","24","100.0000","42401","Sulfur dioxide","41980","San Juan-Carolina-Caguas, PR","72","Puerto Rico","021","Bayamon","18.420089117091","-66.1506154959386"
"03/18/2020","AQS","720210010","1","0.3","ppb","0","","24","100.0000","42401","Sulfur dioxide","41980","San Juan-Carolina-Caguas, PR","72","Puerto Rico","021","Bayamon","18.420089117091","-66.1506154959386"
"03/19/2020","AQS","720210010","1","0.4","ppb","0","","24","100.0000","42401","Sulfur dioxide","41980","San Juan-Carolina-Caguas, PR","72","Puerto Rico","021","Bayamon","18.420089117091","-66.1506154959386"
"03/20/2020","AQS","720210010","1","0.9","ppb","0","","24","100.0000","42401","Sulfur dioxide","41980","San Juan-Carolina-Caguas, PR","72","Puerto Rico","021","Bayamon","18.420089117091","-66.1506154959386"
"03/21/2020","AQS","720210010","1","1.1","ppb","1","","24","100.0000","42401","Sulfur dioxide","41980","San Juan-Carolina-Caguas, PR","72","Puerto Rico","021","Bayamon","18.420089117091","-66.1506154959386"
"03/22/2020","AQS","720210010","1","1.3","ppb","1","","24","100.0000","42401","Sulfur dioxide","41980","San Juan-Carolina-Caguas, PR","72","Puerto Rico","021","Bayamon","18.420089117091","-66.1506154959386"
"03/23/2020","AQS","720210010","1","4.2","ppb","6","","24","100.0000","42401","Sulfur dioxide","41980","San Juan-Carolina-Caguas, PR","72","Puerto Rico","021","Bayamon","18.420089117091","-66.1506154959386"
"03/24/2020","AQS","720210010","1","1.8","ppb","1","","24","100.0000","42401","Sulfur dioxide","41980","San Juan-Carolina-Caguas, PR","72","Puerto Rico","021","Bayamon","18.420089117091","-66.1506154959386"
"03/25/2020","AQS","720210010","1","1.2","ppb","1","","24","100.0000","42401","Sulfur dioxide","41980","San Juan-Carolina-Caguas, PR","72","Puerto Rico","021","Bayamon","18.420089117091","-66.1506154959386"
"03/26/2020","AQS","720210010","1","0.7","ppb","0","","24","100.0000","42401","Sulfur dioxide","41980","San Juan-Carolina-Caguas, PR","72","Puerto Rico","021","Bayamon","18.420089117091","-66.1506154959386"
"03/27/2020","AQS","720210010","1","1","ppb","1","","24","100.0000","42401","Sulfur dioxide","41980","San Juan-Carolina-Caguas, PR","72","Puerto Rico","021","Bayamon","18.420089117091","-66.1506154959386"
"03/28/2020","AQS","720210010","1","0.9","ppb","0","","24","100.0000","42401","Sulfur dioxide","41980","San Juan-Carolina-Caguas, PR","72","Puerto Rico","021","Bayamon","18.420089117091","-66.1506154959386"
"03/29/2020","AQS","720210010","1","1","ppb","1","","24","100.0000","42401","Sulfur dioxide","41980","San Juan-Carolina-Caguas, PR","72","Puerto Rico","021","Bayamon","18.420089117091","-66.1506154959386"
"03/30/2020","AQS","720210010","1","3.3","ppb","4","","24","100.0000","42401","Sulfur dioxide","41980","San Juan-Carolina-Caguas, PR","72","Puerto Rico","021","Bayamon","18.420089117091","-66.1506154959386"
"03/31/2020","AQS","720210010","1","1.1","ppb","1","","24","100.0000","42401","Sulfur dioxide","41980","San Juan-Carolina-Caguas, PR","72","Puerto Rico","021","Bayamon","18.420089117091","-66.1506154959386"
"04/01/2020","AQS","720210010","1","0.7","ppb","0","","24","100.0000","42401","Sulfur dioxide","41980","San Juan-Carolina-Caguas, PR","72","Puerto Rico","021","Bayamon","18.420089117091","-66.1506154959386"
"04/02/2020","AQS","720210010","1","0.7","ppb","0","","24","100.0000","42401","Sulfur dioxide","41980","San Juan-Carolina-Caguas, PR","72","Puerto Rico","021","Bayamon","18.420089117091","-66.1506154959386"
"04/03/2020","AQS","720210010","1","0.6","ppb","0","","24","100.0000","42401","Sulfur dioxide","41980","San Juan-Carolina-Caguas, PR","72","Puerto Rico","021","Bayamon","18.420089117091","-66.1506154959386"
"04/04/2020","AQS","720210010","1","0.5","ppb","0","","24","100.0000","42401","Sulfur dioxide","41980","San Juan-Carolina-Caguas, PR","72","Puerto Rico","021","Bayamon","18.420089117091","-66.1506154959386"
"04/05/2020","AQS","720210010","1","0.6","ppb","0","","24","100.0000","42401","Sulfur dioxide","41980","San Juan-Carolina-Caguas, PR","72","Puerto Rico","021","Bayamon","18.420089117091","-66.1506154959386"
"04/06/2020","AQS","720210010","1","0.4","ppb","0","","24","100.0000","42401","Sulfur dioxide","41980","San Juan-Carolina-Caguas, PR","72","Puerto Rico","021","Bayamon","18.420089117091","-66.1506154959386"
"04/07/2020","AQS","720210010","1","0.3","ppb","0","","24","100.0000","42401","Sulfur dioxide","41980","San Juan-Carolina-Caguas, PR","72","Puerto Rico","021","Bayamon","18.420089117091","-66.1506154959386"
"04/08/2020","AQS","720210010","1","0.5","ppb","0","","24","100.0000","42401","Sulfur dioxide","41980","San Juan-Carolina-Caguas, PR","72","Puerto Rico","021","Bayamon","18.420089117091","-66.1506154959386"
"04/09/2020","AQS","720210010","1","0.7","ppb","0","","24","100.0000","42401","Sulfur dioxide","41980","San Juan-Carolina-Caguas, PR","72","Puerto Rico","021","Bayamon","18.420089117091","-66.1506154959386"
"04/10/2020","AQS","720210010","1","0.5","ppb","0","","24","100.0000","42401","Sulfur dioxide","41980","San Juan-Carolina-Caguas, PR","72","Puerto Rico","021","Bayamon","18.420089117091","-66.1506154959386"
"04/11/2020","AQS","720210010","1","0.4","ppb","0","","24","100.0000","42401","Sulfur dioxide","41980","San Juan-Carolina-Caguas, PR","72","Puerto Rico","021","Bayamon","18.420089117091","-66.1506154959386"
"04/12/2020","AQS","720210010","1","0.5","ppb","0","","24","100.0000","42401","Sulfur dioxide","41980","San Juan-Carolina-Caguas, PR","72","Puerto Rico","021","Bayamon","18.420089117091","-66.1506154959386"
"04/13/2020","AQS","720210010","1","0.7","ppb","0","","24","100.0000","42401","Sulfur dioxide","41980","San Juan-Carolina-Caguas, PR","72","Puerto Rico","021","Bayamon","18.420089117091","-66.1506154959386"
"04/14/2020","AQS","720210010","1","0.6","ppb","0","","24","100.0000","42401","Sulfur dioxide","41980","San Juan-Carolina-Caguas, PR","72","Puerto Rico","021","Bayamon","18.420089117091","-66.1506154959386"
"04/15/2020","AQS","720210010","1","0.5","ppb","0","","24","100.0000","42401","Sulfur dioxide","41980","San Juan-Carolina-Caguas, PR","72","Puerto Rico","021","Bayamon","18.420089117091","-66.1506154959386"
"04/16/2020","AQS","720210010","1","0.6","ppb","0","","24","100.0000","42401","Sulfur dioxide","41980","San Juan-Carolina-Caguas, PR","72","Puerto Rico","021","Bayamon","18.420089117091","-66.1506154959386"
"04/17/2020","AQS","720210010","1","0.7","ppb","0","","24","100.0000","42401","Sulfur dioxide","41980","San Juan-Carolina-Caguas, PR","72","Puerto Rico","021","Bayamon","18.420089117091","-66.1506154959386"
"04/18/2020","AQS","720210010","1","0.6","ppb","0","","24","100.0000","42401","Sulfur dioxide","41980","San Juan-Carolina-Caguas, PR","72","Puerto Rico","021","Bayamon","18.420089117091","-66.1506154959386"
"04/19/2020","AQS","720210010","1","0.5","ppb","0","","24","100.0000","42401","Sulfur dioxide","41980","San Juan-Carolina-Caguas, PR","72","Puerto Rico","021","Bayamon","18.420089117091","-66.1506154959386"
"04/20/2020","AQS","720210010","1","0.4","ppb","0","","24","100.0000","42401","Sulfur dioxide","41980","San Juan-Carolina-Caguas, PR","72","Puerto Rico","021","Bayamon","18.420089117091","-66.1506154959386"
"04/21/2020","AQS","720210010","1","0.5","ppb","0","","24","100.0000","42401","Sulfur dioxide","41980","San Juan-Carolina-Caguas, PR","72","Puerto Rico","021","Bayamon","18.420089117091","-66.1506154959386"
"04/22/2020","AQS","720210010","1","0.6","ppb","0","","24","100.0000","42401","Sulfur dioxide","41980","San Juan-Carolina-Caguas, PR","72","Puerto Rico","021","Bayamon","18.420089117091","-66.1506154959386"
"04/23/2020","AQS","720210010","1","0.4","ppb","0","","24","100.0000","42401","Sulfur dioxide","41980","San Juan-Carolina-Caguas, PR","72","Puerto Rico","021","Bayamon","18.420089117091","-66.1506154959386"
"04/24/2020","AQS","720210010","1","0.5","ppb","0","","24","100.0000","42401","Sulfur dioxide","41980","San Juan-Carolina-Caguas, PR","72","Puerto Rico","021","Bayamon","18.420089117091","-66.1506154959386"
"04/25/2020","AQS","720210010","1","0.4","ppb","0","","24","100.0000","42401","Sulfur dioxide","41980","San Juan-Carolina-Caguas, PR","72","Puerto Rico","021","Bayamon","18.420089117091","-66.1506154959386"
"04/26/2020","AQS","720210010","1","3.2","ppb","4","","24","100.0000","42401","Sulfur dioxide","41980","San Juan-Carolina-Caguas, PR","72","Puerto Rico","021","Bayamon","18.420089117091","-66.1506154959386"
"06/30/2020","AQS","720210010","1","0.4","ppb","0","","24","100.0000","42401","Sulfur dioxide","41980","San Juan-Carolina-Caguas, PR","72","Puerto Rico","021","Bayamon","18.420089117091","-66.1506154959386"
"07/10/2020","AQS","720210010","1","0.4","ppb","0","","24","100.0000","42401","Sulfur dioxide","41980","San Juan-Carolina-Caguas, PR","72","Puerto Rico","021","Bayamon","18.420089117091","-66.1506154959386"
"07/11/2020","AQS","720210010","1","0.4","ppb","0","","24","100.0000","42401","Sulfur dioxide","41980","San Juan-Carolina-Caguas, PR","72","Puerto Rico","021","Bayamon","18.420089117091","-66.1506154959386"
"07/12/2020","AQS","720210010","1","0.4","ppb","0","","24","100.0000","42401","Sulfur dioxide","41980","San Juan-Carolina-Caguas, PR","72","Puerto Rico","021","Bayamon","18.420089117091","-66.1506154959386"
"07/13/2020","AQS","720210010","1","0.4","ppb","0","","24","100.0000","42401","Sulfur dioxide","41980","San Juan-Carolina-Caguas, PR","72","Puerto Rico","021","Bayamon","18.420089117091","-66.1506154959386"
"07/14/2020","AQS","720210010","1","0.4","ppb","0","","24","100.0000","42401","Sulfur dioxide","41980","San Juan-Carolina-Caguas, PR","72","Puerto Rico","021","Bayamon","18.420089117091","-66.1506154959386"
"07/15/2020","AQS","720210010","1","0.4","ppb","0","","24","100.0000","42401","Sulfur dioxide","41980","San Juan-Carolina-Caguas, PR","72","Puerto Rico","021","Bayamon","18.420089117091","-66.1506154959386"
"07/16/2020","AQS","720210010","1","0.4","ppb","0","","22","92.0000","42401","Sulfur dioxide","41980","San Juan-Carolina-Caguas, PR","72","Puerto Rico","021","Bayamon","18.420089117091","-66.1506154959386"
"07/17/2020","AQS","720210010","1","0.3","ppb","0","","24","100.0000","42401","Sulfur dioxide","41980","San Juan-Carolina-Caguas, PR","72","Puerto Rico","021","Bayamon","18.420089117091","-66.1506154959386"
"07/18/2020","AQS","720210010","1","0.4","ppb","0","","24","100.0000","42401","Sulfur dioxide","41980","San Juan-Carolina-Caguas, PR","72","Puerto Rico","021","Bayamon","18.420089117091","-66.1506154959386"
"08/13/2020","AQS","720210010","1","0.8","ppb","0","","24","100.0000","42401","Sulfur dioxide","41980","San Juan-Carolina-Caguas, PR","72","Puerto Rico","021","Bayamon","18.420089117091","-66.1506154959386"
"08/14/2020","AQS","720210010","1","0.5","ppb","0","","24","100.0000","42401","Sulfur dioxide","41980","San Juan-Carolina-Caguas, PR","72","Puerto Rico","021","Bayamon","18.420089117091","-66.1506154959386"
"08/15/2020","AQS","720210010","1","0.3","ppb","0","","24","100.0000","42401","Sulfur dioxide","41980","San Juan-Carolina-Caguas, PR","72","Puerto Rico","021","Bayamon","18.420089117091","-66.1506154959386"
"08/16/2020","AQS","720210010","1","0.3","ppb","0","","24","100.0000","42401","Sulfur dioxide","41980","San Juan-Carolina-Caguas, PR","72","Puerto Rico","021","Bayamon","18.420089117091","-66.1506154959386"
"08/17/2020","AQS","720210010","1","0.5","ppb","0","","24","100.0000","42401","Sulfur dioxide","41980","San Juan-Carolina-Caguas, PR","72","Puerto Rico","021","Bayamon","18.420089117091","-66.1506154959386"
"08/18/2020","AQS","720210010","1","0.3","ppb","0","","24","100.0000","42401","Sulfur dioxide","41980","San Juan-Carolina-Caguas, PR","72","Puerto Rico","021","Bayamon","18.420089117091","-66.1506154959386"
"08/19/2020","AQS","720210010","1","1.1","ppb","1","","24","100.0000","42401","Sulfur dioxide","41980","San Juan-Carolina-Caguas, PR","72","Puerto Rico","021","Bayamon","18.420089117091","-66.1506154959386"
"08/20/2020","AQS","720210010","1","1.4","ppb","1","","24","100.0000","42401","Sulfur dioxide","41980","San Juan-Carolina-Caguas, PR","72","Puerto Rico","021","Bayamon","18.420089117091","-66.1506154959386"
"08/21/2020","AQS","720210010","1","1.7","ppb","1","","24","100.0000","42401","Sulfur dioxide","41980","San Juan-Carolina-Caguas, PR","72","Puerto Rico","021","Bayamon","18.420089117091","-66.1506154959386"
"08/22/2020","AQS","720210010","1","1.4","ppb","1","","24","100.0000","42401","Sulfur dioxide","41980","San Juan-Carolina-Caguas, PR","72","Puerto Rico","021","Bayamon","18.420089117091","-66.1506154959386"
"08/23/2020","AQS","720210010","1","1.3","ppb","1","","24","100.0000","42401","Sulfur dioxide","41980","San Juan-Carolina-Caguas, PR","72","Puerto Rico","021","Bayamon","18.420089117091","-66.1506154959386"
"08/24/2020","AQS","720210010","1","1.5","ppb","1","","24","100.0000","42401","Sulfur dioxide","41980","San Juan-Carolina-Caguas, PR","72","Puerto Rico","021","Bayamon","18.420089117091","-66.1506154959386"
"08/25/2020","AQS","720210010","1","1.7","ppb","1","","24","100.0000","42401","Sulfur dioxide","41980","San Juan-Carolina-Caguas, PR","72","Puerto Rico","021","Bayamon","18.420089117091","-66.1506154959386"
"08/26/2020","AQS","720210010","1","1.6","ppb","1","","24","100.0000","42401","Sulfur dioxide","41980","San Juan-Carolina-Caguas, PR","72","Puerto Rico","021","Bayamon","18.420089117091","-66.1506154959386"
"08/27/2020","AQS","720210010","1","1.6","ppb","1","","24","100.0000","42401","Sulfur dioxide","41980","San Juan-Carolina-Caguas, PR","72","Puerto Rico","021","Bayamon","18.420089117091","-66.1506154959386"
"08/28/2020","AQS","720210010","1","1.5","ppb","1","","24","100.0000","42401","Sulfur dioxide","41980","San Juan-Carolina-Caguas, PR","72","Puerto Rico","021","Bayamon","18.420089117091","-66.1506154959386"
"08/29/2020","AQS","720210010","1","1.2","ppb","1","","24","100.0000","42401","Sulfur dioxide","41980","San Juan-Carolina-Caguas, PR","72","Puerto Rico","021","Bayamon","18.420089117091","-66.1506154959386"
"08/30/2020","AQS","720210010","1","1.2","ppb","1","","24","100.0000","42401","Sulfur dioxide","41980","San Juan-Carolina-Caguas, PR","72","Puerto Rico","021","Bayamon","18.420089117091","-66.1506154959386"
"08/31/2020","AQS","720210010","1","1.3","ppb","1","","24","100.0000","42401","Sulfur dioxide","41980","San Juan-Carolina-Caguas, PR","72","Puerto Rico","021","Bayamon","18.420089117091","-66.1506154959386"
"09/01/2020","AQS","720210010","1","1.7","ppb","1","","24","100.0000","42401","Sulfur dioxide","41980","San Juan-Carolina-Caguas, PR","72","Puerto Rico","021","Bayamon","18.420089117091","-66.1506154959386"
"09/02/2020","AQS","720210010","1","1.5","ppb","1","","20","83.0000","42401","Sulfur dioxide","41980","San Juan-Carolina-Caguas, PR","72","Puerto Rico","021","Bayamon","18.420089117091","-66.1506154959386"
"09/24/2020","AQS","720210010","1","1","ppb","1","","24","100.0000","42401","Sulfur dioxide","41980","San Juan-Carolina-Caguas, PR","72","Puerto Rico","021","Bayamon","18.420089117091","-66.1506154959386"
"09/25/2020","AQS","720210010","1","0.8","ppb","0","","24","100.0000","42401","Sulfur dioxide","41980","San Juan-Carolina-Caguas, PR","72","Puerto Rico","021","Bayamon","18.420089117091","-66.1506154959386"
"09/26/2020","AQS","720210010","1","0.9","ppb","0","","24","100.0000","42401","Sulfur dioxide","41980","San Juan-Carolina-Caguas, PR","72","Puerto Rico","021","Bayamon","18.420089117091","-66.1506154959386"
"09/27/2020","AQS","720210010","1","0.8","ppb","0","","24","100.0000","42401","Sulfur dioxide","41980","San Juan-Carolina-Caguas, PR","72","Puerto Rico","021","Bayamon","18.420089117091","-66.1506154959386"
"09/28/2020","AQS","720210010","1","0.5","ppb","0","","23","96.0000","42401","Sulfur dioxide","41980","San Juan-Carolina-Caguas, PR","72","Puerto Rico","021","Bayamon","18.420089117091","-66.1506154959386"
"10/01/2020","AQS","720210010","1","0.6","ppb","0","","24","100.0000","42401","Sulfur dioxide","41980","San Juan-Carolina-Caguas, PR","72","Puerto Rico","021","Bayamon","18.420089117091","-66.1506154959386"
"10/02/2020","AQS","720210010","1","1.4","ppb","1","","24","100.0000","42401","Sulfur dioxide","41980","San Juan-Carolina-Caguas, PR","72","Puerto Rico","021","Bayamon","18.420089117091","-66.1506154959386"
"10/03/2020","AQS","720210010","1","0.6","ppb","0","","24","100.0000","42401","Sulfur dioxide","41980","San Juan-Carolina-Caguas, PR","72","Puerto Rico","021","Bayamon","18.420089117091","-66.1506154959386"
"10/04/2020","AQS","720210010","1","0.4","ppb","0","","24","100.0000","42401","Sulfur dioxide","41980","San Juan-Carolina-Caguas, PR","72","Puerto Rico","021","Bayamon","18.420089117091","-66.1506154959386"
"10/05/2020","AQS","720210010","1","0.4","ppb","0","","24","100.0000","42401","Sulfur dioxide","41980","San Juan-Carolina-Caguas, PR","72","Puerto Rico","021","Bayamon","18.420089117091","-66.1506154959386"
"10/06/2020","AQS","720210010","1","1.8","ppb","1","","23","96.0000","42401","Sulfur dioxide","41980","San Juan-Carolina-Caguas, PR","72","Puerto Rico","021","Bayamon","18.420089117091","-66.1506154959386"
"10/07/2020","AQS","720210010","1","0.5","ppb","0","","24","100.0000","42401","Sulfur dioxide","41980","San Juan-Carolina-Caguas, PR","72","Puerto Rico","021","Bayamon","18.420089117091","-66.1506154959386"
"10/08/2020","AQS","720210010","1","0.7","ppb","0","","24","100.0000","42401","Sulfur dioxide","41980","San Juan-Carolina-Caguas, PR","72","Puerto Rico","021","Bayamon","18.420089117091","-66.1506154959386"
"10/09/2020","AQS","720210010","1","0.9","ppb","0","","24","100.0000","42401","Sulfur dioxide","41980","San Juan-Carolina-Caguas, PR","72","Puerto Rico","021","Bayamon","18.420089117091","-66.1506154959386"
"10/10/2020","AQS","720210010","1","0.6","ppb","0","","24","100.0000","42401","Sulfur dioxide","41980","San Juan-Carolina-Caguas, PR","72","Puerto Rico","021","Bayamon","18.420089117091","-66.1506154959386"
"10/23/2020","AQS","720210010","1","0.8","ppb","0","","24","100.0000","42401","Sulfur dioxide","41980","San Juan-Carolina-Caguas, PR","72","Puerto Rico","021","Bayamon","18.420089117091","-66.1506154959386"
"10/24/2020","AQS","720210010","1","0.7","ppb","0","","24","100.0000","42401","Sulfur dioxide","41980","San Juan-Carolina-Caguas, PR","72","Puerto Rico","021","Bayamon","18.420089117091","-66.1506154959386"
"10/25/2020","AQS","720210010","1","0.8","ppb","0","","24","100.0000","42401","Sulfur dioxide","41980","San Juan-Carolina-Caguas, PR","72","Puerto Rico","021","Bayamon","18.420089117091","-66.1506154959386"
"10/26/2020","AQS","720210010","1","0.8","ppb","0","","24","100.0000","42401","Sulfur dioxide","41980","San Juan-Carolina-Caguas, PR","72","Puerto Rico","021","Bayamon","18.420089117091","-66.1506154959386"
"10/27/2020","AQS","720210010","1","0.6","ppb","0","","24","100.0000","42401","Sulfur dioxide","41980","San Juan-Carolina-Caguas, PR","72","Puerto Rico","021","Bayamon","18.420089117091","-66.1506154959386"
"10/28/2020","AQS","720210010","1","0.8","ppb","0","","24","100.0000","42401","Sulfur dioxide","41980","San Juan-Carolina-Caguas, PR","72","Puerto Rico","021","Bayamon","18.420089117091","-66.1506154959386"
"10/29/2020","AQS","720210010","1","0.7","ppb","0","","22","92.0000","42401","Sulfur dioxide","41980","San Juan-Carolina-Caguas, PR","72","Puerto Rico","021","Bayamon","18.420089117091","-66.1506154959386"
"10/30/2020","AQS","720210010","1","0.9","ppb","0","","24","100.0000","42401","Sulfur dioxide","41980","San Juan-Carolina-Caguas, PR","72","Puerto Rico","021","Bayamon","18.420089117091","-66.1506154959386"
"10/31/2020","AQS","720210010","1","0.7","ppb","0","","24","100.0000","42401","Sulfur dioxide","41980","San Juan-Carolina-Caguas, PR","72","Puerto Rico","021","Bayamon","18.420089117091","-66.1506154959386"
"11/01/2020","AQS","720210010","1","0.6","ppb","0","","24","100.0000","42401","Sulfur dioxide","41980","San Juan-Carolina-Caguas, PR","72","Puerto Rico","021","Bayamon","18.420089117091","-66.1506154959386"
"11/02/2020","AQS","720210010","1","0.5","ppb","0","","21","88.0000","42401","Sulfur dioxide","41980","San Juan-Carolina-Caguas, PR","72","Puerto Rico","021","Bayamon","18.420089117091","-66.1506154959386"
"11/11/2020","AQS","720210010","1","0.5","ppb","0","","24","100.0000","42401","Sulfur dioxide","41980","San Juan-Carolina-Caguas, PR","72","Puerto Rico","021","Bayamon","18.420089117091","-66.1506154959386"
"11/12/2020","AQS","720210010","1","0.6","ppb","0","","24","100.0000","42401","Sulfur dioxide","41980","San Juan-Carolina-Caguas, PR","72","Puerto Rico","021","Bayamon","18.420089117091","-66.1506154959386"
"11/13/2020","AQS","720210010","1","0.7","ppb","0","","24","100.0000","42401","Sulfur dioxide","41980","San Juan-Carolina-Caguas, PR","72","Puerto Rico","021","Bayamon","18.420089117091","-66.1506154959386"
"11/14/2020","AQS","720210010","1","0.6","ppb","0","","24","100.0000","42401","Sulfur dioxide","41980","San Juan-Carolina-Caguas, PR","72","Puerto Rico","021","Bayamon","18.420089117091","-66.1506154959386"
"11/18/2020","AQS","720210010","1","1.7","ppb","1","","24","100.0000","42401","Sulfur dioxide","41980","San Juan-Carolina-Caguas, PR","72","Puerto Rico","021","Bayamon","18.420089117091","-66.1506154959386"
"11/19/2020","AQS","720210010","1","1.8","ppb","1","","24","100.0000","42401","Sulfur dioxide","41980","San Juan-Carolina-Caguas, PR","72","Puerto Rico","021","Bayamon","18.420089117091","-66.1506154959386"
"11/20/2020","AQS","720210010","1","1.6","ppb","1","","24","100.0000","42401","Sulfur dioxide","41980","San Juan-Carolina-Caguas, PR","72","Puerto Rico","021","Bayamon","18.420089117091","-66.1506154959386"
"11/21/2020","AQS","720210010","1","1.5","ppb","1","","24","100.0000","42401","Sulfur dioxide","41980","San Juan-Carolina-Caguas, PR","72","Puerto Rico","021","Bayamon","18.420089117091","-66.1506154959386"
"11/22/2020","AQS","720210010","1","1.4","ppb","1","","24","100.0000","42401","Sulfur dioxide","41980","San Juan-Carolina-Caguas, PR","72","Puerto Rico","021","Bayamon","18.420089117091","-66.1506154959386"
"11/23/2020","AQS","720210010","1","1.4","ppb","1","","24","100.0000","42401","Sulfur dioxide","41980","San Juan-Carolina-Caguas, PR","72","Puerto Rico","021","Bayamon","18.420089117091","-66.1506154959386"
"11/24/2020","AQS","720210010","1","1.5","ppb","1","","24","100.0000","42401","Sulfur dioxide","41980","San Juan-Carolina-Caguas, PR","72","Puerto Rico","021","Bayamon","18.420089117091","-66.1506154959386"
"11/25/2020","AQS","720210010","1","1.8","ppb","1","","24","100.0000","42401","Sulfur dioxide","41980","San Juan-Carolina-Caguas, PR","72","Puerto Rico","021","Bayamon","18.420089117091","-66.1506154959386"
"11/26/2020","AQS","720210010","1","1.4","ppb","1","","24","100.0000","42401","Sulfur dioxide","41980","San Juan-Carolina-Caguas, PR","72","Puerto Rico","021","Bayamon","18.420089117091","-66.1506154959386"
"11/27/2020","AQS","720210010","1","1.7","ppb","1","","24","100.0000","42401","Sulfur dioxide","41980","San Juan-Carolina-Caguas, PR","72","Puerto Rico","021","Bayamon","18.420089117091","-66.1506154959386"
"11/28/2020","AQS","720210010","1","-0.9","ppb","0","","24","100.0000","42401","Sulfur dioxide","41980","San Juan-Carolina-Caguas, PR","72","Puerto Rico","021","Bayamon","18.420089117091","-66.1506154959386"
"11/29/2020","AQS","720210010","1","-0.3","ppb","0","","24","100.0000","42401","Sulfur dioxide","41980","San Juan-Carolina-Caguas, PR","72","Puerto Rico","021","Bayamon","18.420089117091","-66.1506154959386"
"11/30/2020","AQS","720210010","1","-1.2","ppb","0","","24","100.0000","42401","Sulfur dioxide","41980","San Juan-Carolina-Caguas, PR","72","Puerto Rico","021","Bayamon","18.420089117091","-66.1506154959386"
"12/19/2020","AQS","720210010","1","2.3","ppb","3","","24","100.0000","42401","Sulfur dioxide","41980","San Juan-Carolina-Caguas, PR","72","Puerto Rico","021","Bayamon","18.420089117091","-66.1506154959386"
"12/20/2020","AQS","720210010","1","2.3","ppb","3","","24","100.0000","42401","Sulfur dioxide","41980","San Juan-Carolina-Caguas, PR","72","Puerto Rico","021","Bayamon","18.420089117091","-66.1506154959386"
"12/21/2020","AQS","720210010","1","2.3","ppb","3","","24","100.0000","42401","Sulfur dioxide","41980","San Juan-Carolina-Caguas, PR","72","Puerto Rico","021","Bayamon","18.420089117091","-66.1506154959386"
"12/22/2020","AQS","720210010","1","2.3","ppb","3","","24","100.0000","42401","Sulfur dioxide","41980","San Juan-Carolina-Caguas, PR","72","Puerto Rico","021","Bayamon","18.420089117091","-66.1506154959386"
"12/23/2020","AQS","720210010","1","2.7","ppb","3","","24","100.0000","42401","Sulfur dioxide","41980","San Juan-Carolina-Caguas, PR","72","Puerto Rico","021","Bayamon","18.420089117091","-66.1506154959386"
"12/24/2020","AQS","720210010","1","2.2","ppb","3","","24","100.0000","42401","Sulfur dioxide","41980","San Juan-Carolina-Caguas, PR","72","Puerto Rico","021","Bayamon","18.420089117091","-66.1506154959386"
"12/25/2020","AQS","720210010","1","2","ppb","3","","24","100.0000","42401","Sulfur dioxide","41980","San Juan-Carolina-Caguas, PR","72","Puerto Rico","021","Bayamon","18.420089117091","-66.1506154959386"
"12/26/2020","AQS","720210010","1","2.4","ppb","3","","24","100.0000","42401","Sulfur dioxide","41980","San Juan-Carolina-Caguas, PR","72","Puerto Rico","021","Bayamon","18.420089117091","-66.1506154959386"
"12/27/2020","AQS","720210010","1","2.2","ppb","3","","24","100.0000","42401","Sulfur dioxide","41980","San Juan-Carolina-Caguas, PR","72","Puerto Rico","021","Bayamon","18.420089117091","-66.1506154959386"
"12/28/2020","AQS","720210010","1","2.2","ppb","3","","24","100.0000","42401","Sulfur dioxide","41980","San Juan-Carolina-Caguas, PR","72","Puerto Rico","021","Bayamon","18.420089117091","-66.1506154959386"
"12/29/2020","AQS","720210010","1","2.9","ppb","3","","24","100.0000","42401","Sulfur dioxide","41980","San Juan-Carolina-Caguas, PR","72","Puerto Rico","021","Bayamon","18.420089117091","-66.1506154959386"
"12/30/2020","AQS","720210010","1","2.9","ppb","3","","22","92.0000","42401","Sulfur dioxide","41980","San Juan-Carolina-Caguas, PR","72","Puerto Rico","021","Bayamon","18.420089117091","-66.1506154959386"
"12/31/2020","AQS","720210010","1","1.6","ppb","1","","24","100.0000","42401","Sulfur dioxide","41980","San Juan-Carolina-Caguas, PR","72","Puerto Rico","021","Bayamon","18.420089117091","-66.1506154959386"
"01/01/2020","AQS","720330004","1","1.2","ppb","1","THE NW STREET AT THE 11 STREET","24","100.0000","42401","Sulfur dioxide","41980","San Juan-Carolina-Caguas, PR","72","Puerto Rico","033","Catano","18.431207580152","-66.1416826216148"
"01/02/2020","AQS","720330004","1","1.1","ppb","1","THE NW STREET AT THE 11 STREET","24","100.0000","42401","Sulfur dioxide","41980","San Juan-Carolina-Caguas, PR","72","Puerto Rico","033","Catano","18.431207580152","-66.1416826216148"
"01/03/2020","AQS","720330004","1","1","ppb","1","THE NW STREET AT THE 11 STREET","24","100.0000","42401","Sulfur dioxide","41980","San Juan-Carolina-Caguas, PR","72","Puerto Rico","033","Catano","18.431207580152","-66.1416826216148"
"01/04/2020","AQS","720330004","1","1.2","ppb","1","THE NW STREET AT THE 11 STREET","24","100.0000","42401","Sulfur dioxide","41980","San Juan-Carolina-Caguas, PR","72","Puerto Rico","033","Catano","18.431207580152","-66.1416826216148"
"01/05/2020","AQS","720330004","1","1.1","ppb","1","THE NW STREET AT THE 11 STREET","24","100.0000","42401","Sulfur dioxide","41980","San Juan-Carolina-Caguas, PR","72","Puerto Rico","033","Catano","18.431207580152","-66.1416826216148"
"01/06/2020","AQS","720330004","1","1","ppb","1","THE NW STREET AT THE 11 STREET","24","100.0000","42401","Sulfur dioxide","41980","San Juan-Carolina-Caguas, PR","72","Puerto Rico","033","Catano","18.431207580152","-66.1416826216148"
"01/18/2020","AQS","720330004","1","0.4","ppb","0","THE NW STREET AT THE 11 STREET","24","100.0000","42401","Sulfur dioxide","41980","San Juan-Carolina-Caguas, PR","72","Puerto Rico","033","Catano","18.431207580152","-66.1416826216148"
"01/19/2020","AQS","720330004","1","1.2","ppb","1","THE NW STREET AT THE 11 STREET","24","100.0000","42401","Sulfur dioxide","41980","San Juan-Carolina-Caguas, PR","72","Puerto Rico","033","Catano","18.431207580152","-66.1416826216148"
"01/20/2020","AQS","720330004","1","0.2","ppb","0","THE NW STREET AT THE 11 STREET","24","100.0000","42401","Sulfur dioxide","41980","San Juan-Carolina-Caguas, PR","72","Puerto Rico","033","Catano","18.431207580152","-66.1416826216148"
"01/21/2020","AQS","720330004","1","0.6","ppb","0","THE NW STREET AT THE 11 STREET","24","100.0000","42401","Sulfur dioxide","41980","San Juan-Carolina-Caguas, PR","72","Puerto Rico","033","Catano","18.431207580152","-66.1416826216148"
"01/22/2020","AQS","720330004","1","1.2","ppb","1","THE NW STREET AT THE 11 STREET","24","100.0000","42401","Sulfur dioxide","41980","San Juan-Carolina-Caguas, PR","72","Puerto Rico","033","Catano","18.431207580152","-66.1416826216148"
"01/23/2020","AQS","720330004","1","3.1","ppb","4","THE NW STREET AT THE 11 STREET","24","100.0000","42401","Sulfur dioxide","41980","San Juan-Carolina-Caguas, PR","72","Puerto Rico","033","Catano","18.431207580152","-66.1416826216148"
"01/24/2020","AQS","720330004","1","0.4","ppb","0","THE NW STREET AT THE 11 STREET","24","100.0000","42401","Sulfur dioxide","41980","San Juan-Carolina-Caguas, PR","72","Puerto Rico","033","Catano","18.431207580152","-66.1416826216148"
"01/25/2020","AQS","720330004","1","0.4","ppb","0","THE NW STREET AT THE 11 STREET","24","100.0000","42401","Sulfur dioxide","41980","San Juan-Carolina-Caguas, PR","72","Puerto Rico","033","Catano","18.431207580152","-66.1416826216148"
"01/26/2020","AQS","720330004","1","1.8","ppb","1","THE NW STREET AT THE 11 STREET","23","96.0000","42401","Sulfur dioxide","41980","San Juan-Carolina-Caguas, PR","72","Puerto Rico","033","Catano","18.431207580152","-66.1416826216148"
"01/27/2020","AQS","720330004","1","6.2","ppb","9","THE NW STREET AT THE 11 STREET","24","100.0000","42401","Sulfur dioxide","41980","San Juan-Carolina-Caguas, PR","72","Puerto Rico","033","Catano","18.431207580152","-66.1416826216148"
"01/28/2020","AQS","720330004","1","5.4","ppb","7","THE NW STREET AT THE 11 STREET","24","100.0000","42401","Sulfur dioxide","41980","San Juan-Carolina-Caguas, PR","72","Puerto Rico","033","Catano","18.431207580152","-66.1416826216148"
"01/29/2020","AQS","720330004","1","1.7","ppb","1","THE NW STREET AT THE 11 STREET","24","100.0000","42401","Sulfur dioxide","41980","San Juan-Carolina-Caguas, PR","72","Puerto Rico","033","Catano","18.431207580152","-66.1416826216148"
"01/30/2020","AQS","720330004","1","0.6","ppb","0","THE NW STREET AT THE 11 STREET","24","100.0000","42401","Sulfur dioxide","41980","San Juan-Carolina-Caguas, PR","72","Puerto Rico","033","Catano","18.431207580152","-66.1416826216148"
"01/31/2020","AQS","720330004","1","1.7","ppb","1","THE NW STREET AT THE 11 STREET","24","100.0000","42401","Sulfur dioxide","41980","San Juan-Carolina-Caguas, PR","72","Puerto Rico","033","Catano","18.431207580152","-66.1416826216148"
"02/01/2020","AQS","720330004","1","0.4","ppb","0","THE NW STREET AT THE 11 STREET","24","100.0000","42401","Sulfur dioxide","41980","San Juan-Carolina-Caguas, PR","72","Puerto Rico","033","Catano","18.431207580152","-66.1416826216148"
"02/02/2020","AQS","720330004","1","0.4","ppb","0","THE NW STREET AT THE 11 STREET","24","100.0000","42401","Sulfur dioxide","41980","San Juan-Carolina-Caguas, PR","72","Puerto Rico","033","Catano","18.431207580152","-66.1416826216148"
"02/03/2020","AQS","720330004","1","1","ppb","1","THE NW STREET AT THE 11 STREET","24","100.0000","42401","Sulfur dioxide","41980","San Juan-Carolina-Caguas, PR","72","Puerto Rico","033","Catano","18.431207580152","-66.1416826216148"
"02/04/2020","AQS","720330004","1","1.1","ppb","1","THE NW STREET AT THE 11 STREET","24","100.0000","42401","Sulfur dioxide","41980","San Juan-Carolina-Caguas, PR","72","Puerto Rico","033","Catano","18.431207580152","-66.1416826216148"
"02/05/2020","AQS","720330004","1","1.2","ppb","1","THE NW STREET AT THE 11 STREET","24","100.0000","42401","Sulfur dioxide","41980","San Juan-Carolina-Caguas, PR","72","Puerto Rico","033","Catano","18.431207580152","-66.1416826216148"
"02/06/2020","AQS","720330004","1","3","ppb","4","THE NW STREET AT THE 11 STREET","22","92.0000","42401","Sulfur dioxide","41980","San Juan-Carolina-Caguas, PR","72","Puerto Rico","033","Catano","18.431207580152","-66.1416826216148"
"02/07/2020","AQS","720330004","1","8.4","ppb","11","THE NW STREET AT THE 11 STREET","24","100.0000","42401","Sulfur dioxide","41980","San Juan-Carolina-Caguas, PR","72","Puerto Rico","033","Catano","18.431207580152","-66.1416826216148"
"02/08/2020","AQS","720330004","1","2.8","ppb","3","THE NW STREET AT THE 11 STREET","24","100.0000","42401","Sulfur dioxide","41980","San Juan-Carolina-Caguas, PR","72","Puerto Rico","033","Catano","18.431207580152","-66.1416826216148"
"02/11/2020","AQS","720330004","1","8.2","ppb","11","THE NW STREET AT THE 11 STREET","24","100.0000","42401","Sulfur dioxide","41980","San Juan-Carolina-Caguas, PR","72","Puerto Rico","033","Catano","18.431207580152","-66.1416826216148"
"02/12/2020","AQS","720330004","1","76.2","ppb","101","THE NW STREET AT THE 11 STREET","24","100.0000","42401","Sulfur dioxide","41980","San Juan-Carolina-Caguas, PR","72","Puerto Rico","033","Catano","18.431207580152","-66.1416826216148"
"02/13/2020","AQS","720330004","1","7.2","ppb","10","THE NW STREET AT THE 11 STREET","24","100.0000","42401","Sulfur dioxide","41980","San Juan-Carolina-Caguas, PR","72","Puerto Rico","033","Catano","18.431207580152","-66.1416826216148"
"02/14/2020","AQS","720330004","1","1.7","ppb","1","THE NW STREET AT THE 11 STREET","24","100.0000","42401","Sulfur dioxide","41980","San Juan-Carolina-Caguas, PR","72","Puerto Rico","033","Catano","18.431207580152","-66.1416826216148"
"02/15/2020","AQS","720330004","1","1.4","ppb","1","THE NW STREET AT THE 11 STREET","24","100.0000","42401","Sulfur dioxide","41980","San Juan-Carolina-Caguas, PR","72","Puerto Rico","033","Catano","18.431207580152","-66.1416826216148"
"02/16/2020","AQS","720330004","1","1.2","ppb","1","THE NW STREET AT THE 11 STREET","24","100.0000","42401","Sulfur dioxide","41980","San Juan-Carolina-Caguas, PR","72","Puerto Rico","033","Catano","18.431207580152","-66.1416826216148"
"02/17/2020","AQS","720330004","1","0.8","ppb","0","THE NW STREET AT THE 11 STREET","24","100.0000","42401","Sulfur dioxide","41980","San Juan-Carolina-Caguas, PR","72","Puerto Rico","033","Catano","18.431207580152","-66.1416826216148"
"02/28/2020","AQS","720330004","1","1.4","ppb","1","THE NW STREET AT THE 11 STREET","24","100.0000","42401","Sulfur dioxide","41980","San Juan-Carolina-Caguas, PR","72","Puerto Rico","033","Catano","18.431207580152","-66.1416826216148"
"02/29/2020","AQS","720330004","1","1","ppb","1","THE NW STREET AT THE 11 STREET","24","100.0000","42401","Sulfur dioxide","41980","San Juan-Carolina-Caguas, PR","72","Puerto Rico","033","Catano","18.431207580152","-66.1416826216148"
"03/01/2020","AQS","720330004","1","6.6","ppb","9","THE NW STREET AT THE 11 STREET","24","100.0000","42401","Sulfur dioxide","41980","San Juan-Carolina-Caguas, PR","72","Puerto Rico","033","Catano","18.431207580152","-66.1416826216148"
"03/02/2020","AQS","720330004","1","0.9","ppb","0","THE NW STREET AT THE 11 STREET","24","100.0000","42401","Sulfur dioxide","41980","San Juan-Carolina-Caguas, PR","72","Puerto Rico","033","Catano","18.431207580152","-66.1416826216148"
"03/03/2020","AQS","720330004","1","1","ppb","1","THE NW STREET AT THE 11 STREET","24","100.0000","42401","Sulfur dioxide","41980","San Juan-Carolina-Caguas, PR","72","Puerto Rico","033","Catano","18.431207580152","-66.1416826216148"
"03/04/2020","AQS","720330004","1","5.6","ppb","7","THE NW STREET AT THE 11 STREET","23","96.0000","42401","Sulfur dioxide","41980","San Juan-Carolina-Caguas, PR","72","Puerto Rico","033","Catano","18.431207580152","-66.1416826216148"
"03/05/2020","AQS","720330004","1","2","ppb","3","THE NW STREET AT THE 11 STREET","24","100.0000","42401","Sulfur dioxide","41980","San Juan-Carolina-Caguas, PR","72","Puerto Rico","033","Catano","18.431207580152","-66.1416826216148"
"03/06/2020","AQS","720330004","1","1.4","ppb","1","THE NW STREET AT THE 11 STREET","24","100.0000","42401","Sulfur dioxide","41980","San Juan-Carolina-Caguas, PR","72","Puerto Rico","033","Catano","18.431207580152","-66.1416826216148"
"03/07/2020","AQS","720330004","1","3","ppb","4","THE NW STREET AT THE 11 STREET","24","100.0000","42401","Sulfur dioxide","41980","San Juan-Carolina-Caguas, PR","72","Puerto Rico","033","Catano","18.431207580152","-66.1416826216148"
"03/08/2020","AQS","720330004","1","5.4","ppb","7","THE NW STREET AT THE 11 STREET","24","100.0000","42401","Sulfur dioxide","41980","San Juan-Carolina-Caguas, PR","72","Puerto Rico","033","Catano","18.431207580152","-66.1416826216148"
"03/09/2020","AQS","720330004","1","0.9","ppb","0","THE NW STREET AT THE 11 STREET","23","96.0000","42401","Sulfur dioxide","41980","San Juan-Carolina-Caguas, PR","72","Puerto Rico","033","Catano","18.431207580152","-66.1416826216148"
"03/10/2020","AQS","720330004","1","1.6","ppb","1","THE NW STREET AT THE 11 STREET","24","100.0000","42401","Sulfur dioxide","41980","San Juan-Carolina-Caguas, PR","72","Puerto Rico","033","Catano","18.431207580152","-66.1416826216148"
"03/11/2020","AQS","720330004","1","2.4","ppb","3","THE NW STREET AT THE 11 STREET","24","100.0000","42401","Sulfur dioxide","41980","San Juan-Carolina-Caguas, PR","72","Puerto Rico","033","Catano","18.431207580152","-66.1416826216148"
"03/12/2020","AQS","720330004","1","1.5","ppb","1","THE NW STREET AT THE 11 STREET","24","100.0000","42401","Sulfur dioxide","41980","San Juan-Carolina-Caguas, PR","72","Puerto Rico","033","Catano","18.431207580152","-66.1416826216148"
"03/13/2020","AQS","720330004","1","1.8","ppb","1","THE NW STREET AT THE 11 STREET","24","100.0000","42401","Sulfur dioxide","41980","San Juan-Carolina-Caguas, PR","72","Puerto Rico","033","Catano","18.431207580152","-66.1416826216148"
"03/14/2020","AQS","720330004","1","6.5","ppb","9","THE NW STREET AT THE 11 STREET","24","100.0000","42401","Sulfur dioxide","41980","San Juan-Carolina-Caguas, PR","72","Puerto Rico","033","Catano","18.431207580152","-66.1416826216148"
"03/15/2020","AQS","720330004","1","1.5","ppb","1","THE NW STREET AT THE 11 STREET","24","100.0000","42401","Sulfur dioxide","41980","San Juan-Carolina-Caguas, PR","72","Puerto Rico","033","Catano","18.431207580152","-66.1416826216148"
"03/16/2020","AQS","720330004","1","12","ppb","17","THE NW STREET AT THE 11 STREET","24","100.0000","42401","Sulfur dioxide","41980","San Juan-Carolina-Caguas, PR","72","Puerto Rico","033","Catano","18.431207580152","-66.1416826216148"
"03/17/2020","AQS","720330004","1","0.7","ppb","0","THE NW STREET AT THE 11 STREET","24","100.0000","42401","Sulfur dioxide","41980","San Juan-Carolina-Caguas, PR","72","Puerto Rico","033","Catano","18.431207580152","-66.1416826216148"
"03/18/2020","AQS","720330004","1","0.9","ppb","0","THE NW STREET AT THE 11 STREET","24","100.0000","42401","Sulfur dioxide","41980","San Juan-Carolina-Caguas, PR","72","Puerto Rico","033","Catano","18.431207580152","-66.1416826216148"
"03/19/2020","AQS","720330004","1","0.9","ppb","0","THE NW STREET AT THE 11 STREET","24","100.0000","42401","Sulfur dioxide","41980","San Juan-Carolina-Caguas, PR","72","Puerto Rico","033","Catano","18.431207580152","-66.1416826216148"
"03/20/2020","AQS","720330004","1","0.8","ppb","0","THE NW STREET AT THE 11 STREET","24","100.0000","42401","Sulfur dioxide","41980","San Juan-Carolina-Caguas, PR","72","Puerto Rico","033","Catano","18.431207580152","-66.1416826216148"
"03/21/2020","AQS","720330004","1","0.7","ppb","0","THE NW STREET AT THE 11 STREET","24","100.0000","42401","Sulfur dioxide","41980","San Juan-Carolina-Caguas, PR","72","Puerto Rico","033","Catano","18.431207580152","-66.1416826216148"
"03/22/2020","AQS","720330004","1","0.9","ppb","0","THE NW STREET AT THE 11 STREET","24","100.0000","42401","Sulfur dioxide","41980","San Juan-Carolina-Caguas, PR","72","Puerto Rico","033","Catano","18.431207580152","-66.1416826216148"
"03/23/2020","AQS","720330004","1","10.4","ppb","14","THE NW STREET AT THE 11 STREET","24","100.0000","42401","Sulfur dioxide","41980","San Juan-Carolina-Caguas, PR","72","Puerto Rico","033","Catano","18.431207580152","-66.1416826216148"
"03/24/2020","AQS","720330004","1","3.6","ppb","4","THE NW STREET AT THE 11 STREET","24","100.0000","42401","Sulfur dioxide","41980","San Juan-Carolina-Caguas, PR","72","Puerto Rico","033","Catano","18.431207580152","-66.1416826216148"
"03/25/2020","AQS","720330004","1","7.6","ppb","10","THE NW STREET AT THE 11 STREET","24","100.0000","42401","Sulfur dioxide","41980","San Juan-Carolina-Caguas, PR","72","Puerto Rico","033","Catano","18.431207580152","-66.1416826216148"
"03/26/2020","AQS","720330004","1","9.2","ppb","13","THE NW STREET AT THE 11 STREET","24","100.0000","42401","Sulfur dioxide","41980","San Juan-Carolina-Caguas, PR","72","Puerto Rico","033","Catano","18.431207580152","-66.1416826216148"
"03/27/2020","AQS","720330004","1","6.2","ppb","9","THE NW STREET AT THE 11 STREET","24","100.0000","42401","Sulfur dioxide","41980","San Juan-Carolina-Caguas, PR","72","Puerto Rico","033","Catano","18.431207580152","-66.1416826216148"
"03/28/2020","AQS","720330004","1","8.1","ppb","11","THE NW STREET AT THE 11 STREET","24","100.0000","42401","Sulfur dioxide","41980","San Juan-Carolina-Caguas, PR","72","Puerto Rico","033","Catano","18.431207580152","-66.1416826216148"
"03/29/2020","AQS","720330004","1","5.2","ppb","7","THE NW STREET AT THE 11 STREET","24","100.0000","42401","Sulfur dioxide","41980","San Juan-Carolina-Caguas, PR","72","Puerto Rico","033","Catano","18.431207580152","-66.1416826216148"
"03/30/2020","AQS","720330004","1","1.2","ppb","1","THE NW STREET AT THE 11 STREET","24","100.0000","42401","Sulfur dioxide","41980","San Juan-Carolina-Caguas, PR","72","Puerto Rico","033","Catano","18.431207580152","-66.1416826216148"
"03/31/2020","AQS","720330004","1","6.5","ppb","9","THE NW STREET AT THE 11 STREET","24","100.0000","42401","Sulfur dioxide","41980","San Juan-Carolina-Caguas, PR","72","Puerto Rico","033","Catano","18.431207580152","-66.1416826216148"
"04/01/2020","AQS","720330004","1","2.3","ppb","3","THE NW STREET AT THE 11 STREET","24","100.0000","42401","Sulfur dioxide","41980","San Juan-Carolina-Caguas, PR","72","Puerto Rico","033","Catano","18.431207580152","-66.1416826216148"
"04/02/2020","AQS","720330004","1","1.3","ppb","1","THE NW STREET AT THE 11 STREET","24","100.0000","42401","Sulfur dioxide","41980","San Juan-Carolina-Caguas, PR","72","Puerto Rico","033","Catano","18.431207580152","-66.1416826216148"
"04/03/2020","AQS","720330004","1","1.1","ppb","1","THE NW STREET AT THE 11 STREET","24","100.0000","42401","Sulfur dioxide","41980","San Juan-Carolina-Caguas, PR","72","Puerto Rico","033","Catano","18.431207580152","-66.1416826216148"
"04/04/2020","AQS","720330004","1","2.4","ppb","3","THE NW STREET AT THE 11 STREET","24","100.0000","42401","Sulfur dioxide","41980","San Juan-Carolina-Caguas, PR","72","Puerto Rico","033","Catano","18.431207580152","-66.1416826216148"
"04/05/2020","AQS","720330004","1","2.7","ppb","3","THE NW STREET AT THE 11 STREET","24","100.0000","42401","Sulfur dioxide","41980","San Juan-Carolina-Caguas, PR","72","Puerto Rico","033","Catano","18.431207580152","-66.1416826216148"
"04/06/2020","AQS","720330004","1","1.1","ppb","1","THE NW STREET AT THE 11 STREET","24","100.0000","42401","Sulfur dioxide","41980","San Juan-Carolina-Caguas, PR","72","Puerto Rico","033","Catano","18.431207580152","-66.1416826216148"
"04/07/2020","AQS","720330004","1","0.9","ppb","0","THE NW STREET AT THE 11 STREET","24","100.0000","42401","Sulfur dioxide","41980","San Juan-Carolina-Caguas, PR","72","Puerto Rico","033","Catano","18.431207580152","-66.1416826216148"
"04/08/2020","AQS","720330004","1","0.9","ppb","0","THE NW STREET AT THE 11 STREET","24","100.0000","42401","Sulfur dioxide","41980","San Juan-Carolina-Caguas, PR","72","Puerto Rico","033","Catano","18.431207580152","-66.1416826216148"
"04/09/2020","AQS","720330004","1","1.2","ppb","1","THE NW STREET AT THE 11 STREET","24","100.0000","42401","Sulfur dioxide","41980","San Juan-Carolina-Caguas, PR","72","Puerto Rico","033","Catano","18.431207580152","-66.1416826216148"
"04/10/2020","AQS","720330004","1","1","ppb","1","THE NW STREET AT THE 11 STREET","24","100.0000","42401","Sulfur dioxide","41980","San Juan-Carolina-Caguas, PR","72","Puerto Rico","033","Catano","18.431207580152","-66.1416826216148"
"04/11/2020","AQS","720330004","1","1.6","ppb","1","THE NW STREET AT THE 11 STREET","24","100.0000","42401","Sulfur dioxide","41980","San Juan-Carolina-Caguas, PR","72","Puerto Rico","033","Catano","18.431207580152","-66.1416826216148"
"04/12/2020","AQS","720330004","1","1","ppb","1","THE NW STREET AT THE 11 STREET","24","100.0000","42401","Sulfur dioxide","41980","San Juan-Carolina-Caguas, PR","72","Puerto Rico","033","Catano","18.431207580152","-66.1416826216148"
"04/13/2020","AQS","720330004","1","1","ppb","1","THE NW STREET AT THE 11 STREET","24","100.0000","42401","Sulfur dioxide","41980","San Juan-Carolina-Caguas, PR","72","Puerto Rico","033","Catano","18.431207580152","-66.1416826216148"
"04/14/2020","AQS","720330004","1","1","ppb","1","THE NW STREET AT THE 11 STREET","24","100.0000","42401","Sulfur dioxide","41980","San Juan-Carolina-Caguas, PR","72","Puerto Rico","033","Catano","18.431207580152","-66.1416826216148"
"04/15/2020","AQS","720330004","1","1.1","ppb","1","THE NW STREET AT THE 11 STREET","24","100.0000","42401","Sulfur dioxide","41980","San Juan-Carolina-Caguas, PR","72","Puerto Rico","033","Catano","18.431207580152","-66.1416826216148"
"04/16/2020","AQS","720330004","1","1.5","ppb","1","THE NW STREET AT THE 11 STREET","24","100.0000","42401","Sulfur dioxide","41980","San Juan-Carolina-Caguas, PR","72","Puerto Rico","033","Catano","18.431207580152","-66.1416826216148"
"04/17/2020","AQS","720330004","1","1.5","ppb","1","THE NW STREET AT THE 11 STREET","24","100.0000","42401","Sulfur dioxide","41980","San Juan-Carolina-Caguas, PR","72","Puerto Rico","033","Catano","18.431207580152","-66.1416826216148"
"04/18/2020","AQS","720330004","1","4","ppb","6","THE NW STREET AT THE 11 STREET","24","100.0000","42401","Sulfur dioxide","41980","San Juan-Carolina-Caguas, PR","72","Puerto Rico","033","Catano","18.431207580152","-66.1416826216148"
"04/19/2020","AQS","720330004","1","1.1","ppb","1","THE NW STREET AT THE 11 STREET","24","100.0000","42401","Sulfur dioxide","41980","San Juan-Carolina-Caguas, PR","72","Puerto Rico","033","Catano","18.431207580152","-66.1416826216148"
"04/20/2020","AQS","720330004","1","1.2","ppb","1","THE NW STREET AT THE 11 STREET","24","100.0000","42401","Sulfur dioxide","41980","San Juan-Carolina-Caguas, PR","72","Puerto Rico","033","Catano","18.431207580152","-66.1416826216148"
"04/21/2020","AQS","720330004","1","2.4","ppb","3","THE NW STREET AT THE 11 STREET","24","100.0000","42401","Sulfur dioxide","41980","San Juan-Carolina-Caguas, PR","72","Puerto Rico","033","Catano","18.431207580152","-66.1416826216148"
"04/22/2020","AQS","720330004","1","1.1","ppb","1","THE NW STREET AT THE 11 STREET","24","100.0000","42401","Sulfur dioxide","41980","San Juan-Carolina-Caguas, PR","72","Puerto Rico","033","Catano","18.431207580152","-66.1416826216148"
"04/23/2020","AQS","720330004","1","1.1","ppb","1","THE NW STREET AT THE 11 STREET","24","100.0000","42401","Sulfur dioxide","41980","San Juan-Carolina-Caguas, PR","72","Puerto Rico","033","Catano","18.431207580152","-66.1416826216148"
"04/24/2020","AQS","720330004","1","1.9","ppb","1","THE NW STREET AT THE 11 STREET","24","100.0000","42401","Sulfur dioxide","41980","San Juan-Carolina-Caguas, PR","72","Puerto Rico","033","Catano","18.431207580152","-66.1416826216148"
"04/25/2020","AQS","720330004","1","1.8","ppb","1","THE NW STREET AT THE 11 STREET","24","100.0000","42401","Sulfur dioxide","41980","San Juan-Carolina-Caguas, PR","72","Puerto Rico","033","Catano","18.431207580152","-66.1416826216148"
"04/26/2020","AQS","720330004","1","2.2","ppb","3","THE NW STREET AT THE 11 STREET","24","100.0000","42401","Sulfur dioxide","41980","San Juan-Carolina-Caguas, PR","72","Puerto Rico","033","Catano","18.431207580152","-66.1416826216148"
"04/27/2020","AQS","720330004","1","3.7","ppb","4","THE NW STREET AT THE 11 STREET","24","100.0000","42401","Sulfur dioxide","41980","San Juan-Carolina-Caguas, PR","72","Puerto Rico","033","Catano","18.431207580152","-66.1416826216148"
"04/28/2020","AQS","720330004","1","2.2","ppb","3","THE NW STREET AT THE 11 STREET","24","100.0000","42401","Sulfur dioxide","41980","San Juan-Carolina-Caguas, PR","72","Puerto Rico","033","Catano","18.431207580152","-66.1416826216148"
"04/29/2020","AQS","720330004","1","1.5","ppb","1","THE NW STREET AT THE 11 STREET","24","100.0000","42401","Sulfur dioxide","41980","San Juan-Carolina-Caguas, PR","72","Puerto Rico","033","Catano","18.431207580152","-66.1416826216148"
"04/30/2020","AQS","720330004","1","1.2","ppb","1","THE NW STREET AT THE 11 STREET","24","100.0000","42401","Sulfur dioxide","41980","San Juan-Carolina-Caguas, PR","72","Puerto Rico","033","Catano","18.431207580152","-66.1416826216148"
"05/01/2020","AQS","720330004","1","2.2","ppb","3","THE NW STREET AT THE 11 STREET","24","100.0000","42401","Sulfur dioxide","41980","San Juan-Carolina-Caguas, PR","72","Puerto Rico","033","Catano","18.431207580152","-66.1416826216148"
"05/02/2020","AQS","720330004","1","1.2","ppb","1","THE NW STREET AT THE 11 STREET","24","100.0000","42401","Sulfur dioxide","41980","San Juan-Carolina-Caguas, PR","72","Puerto Rico","033","Catano","18.431207580152","-66.1416826216148"
"05/03/2020","AQS","720330004","1","1.2","ppb","1","THE NW STREET AT THE 11 STREET","24","100.0000","42401","Sulfur dioxide","41980","San Juan-Carolina-Caguas, PR","72","Puerto Rico","033","Catano","18.431207580152","-66.1416826216148"
"05/04/2020","AQS","720330004","1","1.4","ppb","1","THE NW STREET AT THE 11 STREET","24","100.0000","42401","Sulfur dioxide","41980","San Juan-Carolina-Caguas, PR","72","Puerto Rico","033","Catano","18.431207580152","-66.1416826216148"
"05/05/2020","AQS","720330004","1","1.3","ppb","1","THE NW STREET AT THE 11 STREET","24","100.0000","42401","Sulfur dioxide","41980","San Juan-Carolina-Caguas, PR","72","Puerto Rico","033","Catano","18.431207580152","-66.1416826216148"
"05/06/2020","AQS","720330004","1","1.4","ppb","1","THE NW STREET AT THE 11 STREET","24","100.0000","42401","Sulfur dioxide","41980","San Juan-Carolina-Caguas, PR","72","Puerto Rico","033","Catano","18.431207580152","-66.1416826216148"
"05/07/2020","AQS","720330004","1","1.3","ppb","1","THE NW STREET AT THE 11 STREET","24","100.0000","42401","Sulfur dioxide","41980","San Juan-Carolina-Caguas, PR","72","Puerto Rico","033","Catano","18.431207580152","-66.1416826216148"
"05/08/2020","AQS","720330004","1","1.3","ppb","1","THE NW STREET AT THE 11 STREET","24","100.0000","42401","Sulfur dioxide","41980","San Juan-Carolina-Caguas, PR","72","Puerto Rico","033","Catano","18.431207580152","-66.1416826216148"
"05/09/2020","AQS","720330004","1","1.2","ppb","1","THE NW STREET AT THE 11 STREET","24","100.0000","42401","Sulfur dioxide","41980","San Juan-Carolina-Caguas, PR","72","Puerto Rico","033","Catano","18.431207580152","-66.1416826216148"
"05/10/2020","AQS","720330004","1","9.1","ppb","13","THE NW STREET AT THE 11 STREET","24","100.0000","42401","Sulfur dioxide","41980","San Juan-Carolina-Caguas, PR","72","Puerto Rico","033","Catano","18.431207580152","-66.1416826216148"
"05/11/2020","AQS","720330004","1","1.3","ppb","1","THE NW STREET AT THE 11 STREET","24","100.0000","42401","Sulfur dioxide","41980","San Juan-Carolina-Caguas, PR","72","Puerto Rico","033","Catano","18.431207580152","-66.1416826216148"
"05/12/2020","AQS","720330004","1","3.7","ppb","4","THE NW STREET AT THE 11 STREET","24","100.0000","42401","Sulfur dioxide","41980","San Juan-Carolina-Caguas, PR","72","Puerto Rico","033","Catano","18.431207580152","-66.1416826216148"
"05/13/2020","AQS","720330004","1","5.4","ppb","7","THE NW STREET AT THE 11 STREET","24","100.0000","42401","Sulfur dioxide","41980","San Juan-Carolina-Caguas, PR","72","Puerto Rico","033","Catano","18.431207580152","-66.1416826216148"
"05/14/2020","AQS","720330004","1","4.4","ppb","6","THE NW STREET AT THE 11 STREET","24","100.0000","42401","Sulfur dioxide","41980","San Juan-Carolina-Caguas, PR","72","Puerto Rico","033","Catano","18.431207580152","-66.1416826216148"
"05/15/2020","AQS","720330004","1","4","ppb","6","THE NW STREET AT THE 11 STREET","24","100.0000","42401","Sulfur dioxide","41980","San Juan-Carolina-Caguas, PR","72","Puerto Rico","033","Catano","18.431207580152","-66.1416826216148"
"05/16/2020","AQS","720330004","1","3.7","ppb","4","THE NW STREET AT THE 11 STREET","24","100.0000","42401","Sulfur dioxide","41980","San Juan-Carolina-Caguas, PR","72","Puerto Rico","033","Catano","18.431207580152","-66.1416826216148"
"05/17/2020","AQS","720330004","1","1.4","ppb","1","THE NW STREET AT THE 11 STREET","24","100.0000","42401","Sulfur dioxide","41980","San Juan-Carolina-Caguas, PR","72","Puerto Rico","033","Catano","18.431207580152","-66.1416826216148"
"05/18/2020","AQS","720330004","1","2.7","ppb","3","THE NW STREET AT THE 11 STREET","24","100.0000","42401","Sulfur dioxide","41980","San Juan-Carolina-Caguas, PR","72","Puerto Rico","033","Catano","18.431207580152","-66.1416826216148"
"05/19/2020","AQS","720330004","1","1.7","ppb","1","THE NW STREET AT THE 11 STREET","24","100.0000","42401","Sulfur dioxide","41980","San Juan-Carolina-Caguas, PR","72","Puerto Rico","033","Catano","18.431207580152","-66.1416826216148"
"05/20/2020","AQS","720330004","1","2.3","ppb","3","THE NW STREET AT THE 11 STREET","24","100.0000","42401","Sulfur dioxide","41980","San Juan-Carolina-Caguas, PR","72","Puerto Rico","033","Catano","18.431207580152","-66.1416826216148"
"05/21/2020","AQS","720330004","1","1.8","ppb","1","THE NW STREET AT THE 11 STREET","24","100.0000","42401","Sulfur dioxide","41980","San Juan-Carolina-Caguas, PR","72","Puerto Rico","033","Catano","18.431207580152","-66.1416826216148"
"05/22/2020","AQS","720330004","1","1.4","ppb","1","THE NW STREET AT THE 11 STREET","24","100.0000","42401","Sulfur dioxide","41980","San Juan-Carolina-Caguas, PR","72","Puerto Rico","033","Catano","18.431207580152","-66.1416826216148"
"05/23/2020","AQS","720330004","1","1.3","ppb","1","THE NW STREET AT THE 11 STREET","24","100.0000","42401","Sulfur dioxide","41980","San Juan-Carolina-Caguas, PR","72","Puerto Rico","033","Catano","18.431207580152","-66.1416826216148"
"05/24/2020","AQS","720330004","1","1.4","ppb","1","THE NW STREET AT THE 11 STREET","24","100.0000","42401","Sulfur dioxide","41980","San Juan-Carolina-Caguas, PR","72","Puerto Rico","033","Catano","18.431207580152","-66.1416826216148"
"05/25/2020","AQS","720330004","1","1.4","ppb","1","THE NW STREET AT THE 11 STREET","24","100.0000","42401","Sulfur dioxide","41980","San Juan-Carolina-Caguas, PR","72","Puerto Rico","033","Catano","18.431207580152","-66.1416826216148"
"05/26/2020","AQS","720330004","1","1.4","ppb","1","THE NW STREET AT THE 11 STREET","24","100.0000","42401","Sulfur dioxide","41980","San Juan-Carolina-Caguas, PR","72","Puerto Rico","033","Catano","18.431207580152","-66.1416826216148"
"05/27/2020","AQS","720330004","1","1.4","ppb","1","THE NW STREET AT THE 11 STREET","24","100.0000","42401","Sulfur dioxide","41980","San Juan-Carolina-Caguas, PR","72","Puerto Rico","033","Catano","18.431207580152","-66.1416826216148"
"05/28/2020","AQS","720330004","1","1.7","ppb","1","THE NW STREET AT THE 11 STREET","24","100.0000","42401","Sulfur dioxide","41980","San Juan-Carolina-Caguas, PR","72","Puerto Rico","033","Catano","18.431207580152","-66.1416826216148"
"05/29/2020","AQS","720330004","1","1.5","ppb","1","THE NW STREET AT THE 11 STREET","24","100.0000","42401","Sulfur dioxide","41980","San Juan-Carolina-Caguas, PR","72","Puerto Rico","033","Catano","18.431207580152","-66.1416826216148"
"05/30/2020","AQS","720330004","1","1.8","ppb","1","THE NW STREET AT THE 11 STREET","24","100.0000","42401","Sulfur dioxide","41980","San Juan-Carolina-Caguas, PR","72","Puerto Rico","033","Catano","18.431207580152","-66.1416826216148"
"05/31/2020","AQS","720330004","1","1.4","ppb","1","THE NW STREET AT THE 11 STREET","24","100.0000","42401","Sulfur dioxide","41980","San Juan-Carolina-Caguas, PR","72","Puerto Rico","033","Catano","18.431207580152","-66.1416826216148"
"06/01/2020","AQS","720330004","1","1.7","ppb","1","THE NW STREET AT THE 11 STREET","24","100.0000","42401","Sulfur dioxide","41980","San Juan-Carolina-Caguas, PR","72","Puerto Rico","033","Catano","18.431207580152","-66.1416826216148"
"06/02/2020","AQS","720330004","1","1.7","ppb","1","THE NW STREET AT THE 11 STREET","24","100.0000","42401","Sulfur dioxide","41980","San Juan-Carolina-Caguas, PR","72","Puerto Rico","033","Catano","18.431207580152","-66.1416826216148"
"06/03/2020","AQS","720330004","1","1.7","ppb","1","THE NW STREET AT THE 11 STREET","24","100.0000","42401","Sulfur dioxide","41980","San Juan-Carolina-Caguas, PR","72","Puerto Rico","033","Catano","18.431207580152","-66.1416826216148"
"06/04/2020","AQS","720330004","1","1.6","ppb","1","THE NW STREET AT THE 11 STREET","24","100.0000","42401","Sulfur dioxide","41980","San Juan-Carolina-Caguas, PR","72","Puerto Rico","033","Catano","18.431207580152","-66.1416826216148"
"06/05/2020","AQS","720330004","1","1.5","ppb","1","THE NW STREET AT THE 11 STREET","24","100.0000","42401","Sulfur dioxide","41980","San Juan-Carolina-Caguas, PR","72","Puerto Rico","033","Catano","18.431207580152","-66.1416826216148"
"06/06/2020","AQS","720330004","1","1.5","ppb","1","THE NW STREET AT THE 11 STREET","24","100.0000","42401","Sulfur dioxide","41980","San Juan-Carolina-Caguas, PR","72","Puerto Rico","033","Catano","18.431207580152","-66.1416826216148"
"06/07/2020","AQS","720330004","1","1.4","ppb","1","THE NW STREET AT THE 11 STREET","24","100.0000","42401","Sulfur dioxide","41980","San Juan-Carolina-Caguas, PR","72","Puerto Rico","033","Catano","18.431207580152","-66.1416826216148"
"06/08/2020","AQS","720330004","1","2","ppb","3","THE NW STREET AT THE 11 STREET","24","100.0000","42401","Sulfur dioxide","41980","San Juan-Carolina-Caguas, PR","72","Puerto Rico","033","Catano","18.431207580152","-66.1416826216148"
"06/09/2020","AQS","720330004","1","1.6","ppb","1","THE NW STREET AT THE 11 STREET","24","100.0000","42401","Sulfur dioxide","41980","San Juan-Carolina-Caguas, PR","72","Puerto Rico","033","Catano","18.431207580152","-66.1416826216148"
"06/10/2020","AQS","720330004","1","1.9","ppb","1","THE NW STREET AT THE 11 STREET","24","100.0000","42401","Sulfur dioxide","41980","San Juan-Carolina-Caguas, PR","72","Puerto Rico","033","Catano","18.431207580152","-66.1416826216148"
"06/11/2020","AQS","720330004","1","2","ppb","3","THE NW STREET AT THE 11 STREET","24","100.0000","42401","Sulfur dioxide","41980","San Juan-Carolina-Caguas, PR","72","Puerto Rico","033","Catano","18.431207580152","-66.1416826216148"
"06/12/2020","AQS","720330004","1","2","ppb","3","THE NW STREET AT THE 11 STREET","24","100.0000","42401","Sulfur dioxide","41980","San Juan-Carolina-Caguas, PR","72","Puerto Rico","033","Catano","18.431207580152","-66.1416826216148"
"06/13/2020","AQS","720330004","1","1.8","ppb","1","THE NW STREET AT THE 11 STREET","24","100.0000","42401","Sulfur dioxide","41980","San Juan-Carolina-Caguas, PR","72","Puerto Rico","033","Catano","18.431207580152","-66.1416826216148"
"06/14/2020","AQS","720330004","1","1.7","ppb","1","THE NW STREET AT THE 11 STREET","24","100.0000","42401","Sulfur dioxide","41980","San Juan-Carolina-Caguas, PR","72","Puerto Rico","033","Catano","18.431207580152","-66.1416826216148"
"06/15/2020","AQS","720330004","1","3","ppb","4","THE NW STREET AT THE 11 STREET","24","100.0000","42401","Sulfur dioxide","41980","San Juan-Carolina-Caguas, PR","72","Puerto Rico","033","Catano","18.431207580152","-66.1416826216148"
"06/16/2020","AQS","720330004","1","1.9","ppb","1","THE NW STREET AT THE 11 STREET","24","100.0000","42401","Sulfur dioxide","41980","San Juan-Carolina-Caguas, PR","72","Puerto Rico","033","Catano","18.431207580152","-66.1416826216148"
"06/17/2020","AQS","720330004","1","1.9","ppb","1","THE NW STREET AT THE 11 STREET","24","100.0000","42401","Sulfur dioxide","41980","San Juan-Carolina-Caguas, PR","72","Puerto Rico","033","Catano","18.431207580152","-66.1416826216148"
"06/18/2020","AQS","720330004","1","1.9","ppb","1","THE NW STREET AT THE 11 STREET","24","100.0000","42401","Sulfur dioxide","41980","San Juan-Carolina-Caguas, PR","72","Puerto Rico","033","Catano","18.431207580152","-66.1416826216148"
"06/19/2020","AQS","720330004","1","1.8","ppb","1","THE NW STREET AT THE 11 STREET","24","100.0000","42401","Sulfur dioxide","41980","San Juan-Carolina-Caguas, PR","72","Puerto Rico","033","Catano","18.431207580152","-66.1416826216148"
"06/20/2020","AQS","720330004","1","1.7","ppb","1","THE NW STREET AT THE 11 STREET","24","100.0000","42401","Sulfur dioxide","41980","San Juan-Carolina-Caguas, PR","72","Puerto Rico","033","Catano","18.431207580152","-66.1416826216148"
"06/21/2020","AQS","720330004","1","1.7","ppb","1","THE NW STREET AT THE 11 STREET","24","100.0000","42401","Sulfur dioxide","41980","San Juan-Carolina-Caguas, PR","72","Puerto Rico","033","Catano","18.431207580152","-66.1416826216148"
"06/22/2020","AQS","720330004","1","2.1","ppb","3","THE NW STREET AT THE 11 STREET","24","100.0000","42401","Sulfur dioxide","41980","San Juan-Carolina-Caguas, PR","72","Puerto Rico","033","Catano","18.431207580152","-66.1416826216148"
"06/23/2020","AQS","720330004","1","2","ppb","3","THE NW STREET AT THE 11 STREET","24","100.0000","42401","Sulfur dioxide","41980","San Juan-Carolina-Caguas, PR","72","Puerto Rico","033","Catano","18.431207580152","-66.1416826216148"
"06/24/2020","AQS","720330004","1","2.1","ppb","3","THE NW STREET AT THE 11 STREET","24","100.0000","42401","Sulfur dioxide","41980","San Juan-Carolina-Caguas, PR","72","Puerto Rico","033","Catano","18.431207580152","-66.1416826216148"
"06/25/2020","AQS","720330004","1","2.3","ppb","3","THE NW STREET AT THE 11 STREET","24","100.0000","42401","Sulfur dioxide","41980","San Juan-Carolina-Caguas, PR","72","Puerto Rico","033","Catano","18.431207580152","-66.1416826216148"
"06/26/2020","AQS","720330004","1","1.8","ppb","1","THE NW STREET AT THE 11 STREET","24","100.0000","42401","Sulfur dioxide","41980","San Juan-Carolina-Caguas, PR","72","Puerto Rico","033","Catano","18.431207580152","-66.1416826216148"
"06/27/2020","AQS","720330004","1","1.8","ppb","1","THE NW STREET AT THE 11 STREET","24","100.0000","42401","Sulfur dioxide","41980","San Juan-Carolina-Caguas, PR","72","Puerto Rico","033","Catano","18.431207580152","-66.1416826216148"
"06/28/2020","AQS","720330004","1","1.9","ppb","1","THE NW STREET AT THE 11 STREET","24","100.0000","42401","Sulfur dioxide","41980","San Juan-Carolina-Caguas, PR","72","Puerto Rico","033","Catano","18.431207580152","-66.1416826216148"
"06/29/2020","AQS","720330004","1","2.3","ppb","3","THE NW STREET AT THE 11 STREET","24","100.0000","42401","Sulfur dioxide","41980","San Juan-Carolina-Caguas, PR","72","Puerto Rico","033","Catano","18.431207580152","-66.1416826216148"
"06/30/2020","AQS","720330004","1","2.1","ppb","3","THE NW STREET AT THE 11 STREET","24","100.0000","42401","Sulfur dioxide","41980","San Juan-Carolina-Caguas, PR","72","Puerto Rico","033","Catano","18.431207580152","-66.1416826216148"
"07/01/2020","AQS","720330004","1","2.6","ppb","3","THE NW STREET AT THE 11 STREET","22","92.0000","42401","Sulfur dioxide","41980","San Juan-Carolina-Caguas, PR","72","Puerto Rico","033","Catano","18.431207580152","-66.1416826216148"
"07/02/2020","AQS","720330004","1","2","ppb","3","THE NW STREET AT THE 11 STREET","24","100.0000","42401","Sulfur dioxide","41980","San Juan-Carolina-Caguas, PR","72","Puerto Rico","033","Catano","18.431207580152","-66.1416826216148"
"07/03/2020","AQS","720330004","1","2.2","ppb","3","THE NW STREET AT THE 11 STREET","24","100.0000","42401","Sulfur dioxide","41980","San Juan-Carolina-Caguas, PR","72","Puerto Rico","033","Catano","18.431207580152","-66.1416826216148"
"07/04/2020","AQS","720330004","1","1.9","ppb","1","THE NW STREET AT THE 11 STREET","24","100.0000","42401","Sulfur dioxide","41980","San Juan-Carolina-Caguas, PR","72","Puerto Rico","033","Catano","18.431207580152","-66.1416826216148"
"07/05/2020","AQS","720330004","1","1.9","ppb","1","THE NW STREET AT THE 11 STREET","24","100.0000","42401","Sulfur dioxide","41980","San Juan-Carolina-Caguas, PR","72","Puerto Rico","033","Catano","18.431207580152","-66.1416826216148"
"07/06/2020","AQS","720330004","1","2.2","ppb","3","THE NW STREET AT THE 11 STREET","24","100.0000","42401","Sulfur dioxide","41980","San Juan-Carolina-Caguas, PR","72","Puerto Rico","033","Catano","18.431207580152","-66.1416826216148"
"07/07/2020","AQS","720330004","1","2","ppb","3","THE NW STREET AT THE 11 STREET","24","100.0000","42401","Sulfur dioxide","41980","San Juan-Carolina-Caguas, PR","72","Puerto Rico","033","Catano","18.431207580152","-66.1416826216148"
"07/08/2020","AQS","720330004","1","2.1","ppb","3","THE NW STREET AT THE 11 STREET","24","100.0000","42401","Sulfur dioxide","41980","San Juan-Carolina-Caguas, PR","72","Puerto Rico","033","Catano","18.431207580152","-66.1416826216148"
"07/09/2020","AQS","720330004","1","2","ppb","3","THE NW STREET AT THE 11 STREET","24","100.0000","42401","Sulfur dioxide","41980","San Juan-Carolina-Caguas, PR","72","Puerto Rico","033","Catano","18.431207580152","-66.1416826216148"
"07/10/2020","AQS","720330004","1","2.2","ppb","3","THE NW STREET AT THE 11 STREET","24","100.0000","42401","Sulfur dioxide","41980","San Juan-Carolina-Caguas, PR","72","Puerto Rico","033","Catano","18.431207580152","-66.1416826216148"
"07/11/2020","AQS","720330004","1","2","ppb","3","THE NW STREET AT THE 11 STREET","24","100.0000","42401","Sulfur dioxide","41980","San Juan-Carolina-Caguas, PR","72","Puerto Rico","033","Catano","18.431207580152","-66.1416826216148"
"07/12/2020","AQS","720330004","1","2","ppb","3","THE NW STREET AT THE 11 STREET","24","100.0000","42401","Sulfur dioxide","41980","San Juan-Carolina-Caguas, PR","72","Puerto Rico","033","Catano","18.431207580152","-66.1416826216148"
"07/13/2020","AQS","720330004","1","2","ppb","3","THE NW STREET AT THE 11 STREET","24","100.0000","42401","Sulfur dioxide","41980","San Juan-Carolina-Caguas, PR","72","Puerto Rico","033","Catano","18.431207580152","-66.1416826216148"
"07/14/2020","AQS","720330004","1","2.3","ppb","3","THE NW STREET AT THE 11 STREET","22","92.0000","42401","Sulfur dioxide","41980","San Juan-Carolina-Caguas, PR","72","Puerto Rico","033","Catano","18.431207580152","-66.1416826216148"
"07/15/2020","AQS","720330004","1","2.5","ppb","3","THE NW STREET AT THE 11 STREET","24","100.0000","42401","Sulfur dioxide","41980","San Juan-Carolina-Caguas, PR","72","Puerto Rico","033","Catano","18.431207580152","-66.1416826216148"
"07/16/2020","AQS","720330004","1","2.3","ppb","3","THE NW STREET AT THE 11 STREET","24","100.0000","42401","Sulfur dioxide","41980","San Juan-Carolina-Caguas, PR","72","Puerto Rico","033","Catano","18.431207580152","-66.1416826216148"
"07/17/2020","AQS","720330004","1","2.4","ppb","3","THE NW STREET AT THE 11 STREET","24","100.0000","42401","Sulfur dioxide","41980","San Juan-Carolina-Caguas, PR","72","Puerto Rico","033","Catano","18.431207580152","-66.1416826216148"
"07/18/2020","AQS","720330004","1","2.2","ppb","3","THE NW STREET AT THE 11 STREET","24","100.0000","42401","Sulfur dioxide","41980","San Juan-Carolina-Caguas, PR","72","Puerto Rico","033","Catano","18.431207580152","-66.1416826216148"
"07/19/2020","AQS","720330004","1","3","ppb","4","THE NW STREET AT THE 11 STREET","24","100.0000","42401","Sulfur dioxide","41980","San Juan-Carolina-Caguas, PR","72","Puerto Rico","033","Catano","18.431207580152","-66.1416826216148"
"07/20/2020","AQS","720330004","1","2.5","ppb","3","THE NW STREET AT THE 11 STREET","24","100.0000","42401","Sulfur dioxide","41980","San Juan-Carolina-Caguas, PR","72","Puerto Rico","033","Catano","18.431207580152","-66.1416826216148"
"07/21/2020","AQS","720330004","1","2.5","ppb","3","THE NW STREET AT THE 11 STREET","24","100.0000","42401","Sulfur dioxide","41980","San Juan-Carolina-Caguas, PR","72","Puerto Rico","033","Catano","18.431207580152","-66.1416826216148"
"07/22/2020","AQS","720330004","1","2.7","ppb","3","THE NW STREET AT THE 11 STREET","24","100.0000","42401","Sulfur dioxide","41980","San Juan-Carolina-Caguas, PR","72","Puerto Rico","033","Catano","18.431207580152","-66.1416826216148"
"07/23/2020","AQS","720330004","1","2.2","ppb","3","THE NW STREET AT THE 11 STREET","24","100.0000","42401","Sulfur dioxide","41980","San Juan-Carolina-Caguas, PR","72","Puerto Rico","033","Catano","18.431207580152","-66.1416826216148"
"07/24/2020","AQS","720330004","1","3","ppb","4","THE NW STREET AT THE 11 STREET","24","100.0000","42401","Sulfur dioxide","41980","San Juan-Carolina-Caguas, PR","72","Puerto Rico","033","Catano","18.431207580152","-66.1416826216148"
"07/25/2020","AQS","720330004","1","2.2","ppb","3","THE NW STREET AT THE 11 STREET","24","100.0000","42401","Sulfur dioxide","41980","San Juan-Carolina-Caguas, PR","72","Puerto Rico","033","Catano","18.431207580152","-66.1416826216148"
"07/26/2020","AQS","720330004","1","2.1","ppb","3","THE NW STREET AT THE 11 STREET","24","100.0000","42401","Sulfur dioxide","41980","San Juan-Carolina-Caguas, PR","72","Puerto Rico","033","Catano","18.431207580152","-66.1416826216148"
"07/27/2020","AQS","720330004","1","2.6","ppb","3","THE NW STREET AT THE 11 STREET","24","100.0000","42401","Sulfur dioxide","41980","San Juan-Carolina-Caguas, PR","72","Puerto Rico","033","Catano","18.431207580152","-66.1416826216148"
"07/28/2020","AQS","720330004","1","3.1","ppb","4","THE NW STREET AT THE 11 STREET","22","92.0000","42401","Sulfur dioxide","41980","San Juan-Carolina-Caguas, PR","72","Puerto Rico","033","Catano","18.431207580152","-66.1416826216148"
"07/29/2020","AQS","720330004","1","2.3","ppb","3","THE NW STREET AT THE 11 STREET","24","100.0000","42401","Sulfur dioxide","41980","San Juan-Carolina-Caguas, PR","72","Puerto Rico","033","Catano","18.431207580152","-66.1416826216148"
"07/30/2020","AQS","720330004","1","2.4","ppb","3","THE NW STREET AT THE 11 STREET","24","100.0000","42401","Sulfur dioxide","41980","San Juan-Carolina-Caguas, PR","72","Puerto Rico","033","Catano","18.431207580152","-66.1416826216148"
"08/01/2020","AQS","720330004","1","2.6","ppb","3","THE NW STREET AT THE 11 STREET","23","96.0000","42401","Sulfur dioxide","41980","San Juan-Carolina-Caguas, PR","72","Puerto Rico","033","Catano","18.431207580152","-66.1416826216148"
"08/02/2020","AQS","720330004","1","3","ppb","4","THE NW STREET AT THE 11 STREET","24","100.0000","42401","Sulfur dioxide","41980","San Juan-Carolina-Caguas, PR","72","Puerto Rico","033","Catano","18.431207580152","-66.1416826216148"
"08/03/2020","AQS","720330004","1","2.7","ppb","3","THE NW STREET AT THE 11 STREET","24","100.0000","42401","Sulfur dioxide","41980","San Juan-Carolina-Caguas, PR","72","Puerto Rico","033","Catano","18.431207580152","-66.1416826216148"
"08/04/2020","AQS","720330004","1","3.9","ppb","4","THE NW STREET AT THE 11 STREET","23","96.0000","42401","Sulfur dioxide","41980","San Juan-Carolina-Caguas, PR","72","Puerto Rico","033","Catano","18.431207580152","-66.1416826216148"
"08/05/2020","AQS","720330004","1","2.8","ppb","3","THE NW STREET AT THE 11 STREET","24","100.0000","42401","Sulfur dioxide","41980","San Juan-Carolina-Caguas, PR","72","Puerto Rico","033","Catano","18.431207580152","-66.1416826216148"
"08/06/2020","AQS","720330004","1","3.8","ppb","4","THE NW STREET AT THE 11 STREET","24","100.0000","42401","Sulfur dioxide","41980","San Juan-Carolina-Caguas, PR","72","Puerto Rico","033","Catano","18.431207580152","-66.1416826216148"
"08/07/2020","AQS","720330004","1","3.4","ppb","4","THE NW STREET AT THE 11 STREET","24","100.0000","42401","Sulfur dioxide","41980","San Juan-Carolina-Caguas, PR","72","Puerto Rico","033","Catano","18.431207580152","-66.1416826216148"
"08/08/2020","AQS","720330004","1","2.6","ppb","3","THE NW STREET AT THE 11 STREET","24","100.0000","42401","Sulfur dioxide","41980","San Juan-Carolina-Caguas, PR","72","Puerto Rico","033","Catano","18.431207580152","-66.1416826216148"
"08/09/2020","AQS","720330004","1","3.1","ppb","4","THE NW STREET AT THE 11 STREET","24","100.0000","42401","Sulfur dioxide","41980","San Juan-Carolina-Caguas, PR","72","Puerto Rico","033","Catano","18.431207580152","-66.1416826216148"
"08/10/2020","AQS","720330004","1","2.7","ppb","3","THE NW STREET AT THE 11 STREET","24","100.0000","42401","Sulfur dioxide","41980","San Juan-Carolina-Caguas, PR","72","Puerto Rico","033","Catano","18.431207580152","-66.1416826216148"
"08/11/2020","AQS","720330004","1","3.3","ppb","4","THE NW STREET AT THE 11 STREET","24","100.0000","42401","Sulfur dioxide","41980","San Juan-Carolina-Caguas, PR","72","Puerto Rico","033","Catano","18.431207580152","-66.1416826216148"
"08/12/2020","AQS","720330004","1","2.7","ppb","3","THE NW STREET AT THE 11 STREET","24","100.0000","42401","Sulfur dioxide","41980","San Juan-Carolina-Caguas, PR","72","Puerto Rico","033","Catano","18.431207580152","-66.1416826216148"
"08/13/2020","AQS","720330004","1","3","ppb","4","THE NW STREET AT THE 11 STREET","24","100.0000","42401","Sulfur dioxide","41980","San Juan-Carolina-Caguas, PR","72","Puerto Rico","033","Catano","18.431207580152","-66.1416826216148"
"08/14/2020","AQS","720330004","1","3.1","ppb","4","THE NW STREET AT THE 11 STREET","24","100.0000","42401","Sulfur dioxide","41980","San Juan-Carolina-Caguas, PR","72","Puerto Rico","033","Catano","18.431207580152","-66.1416826216148"
"08/15/2020","AQS","720330004","1","2.8","ppb","3","THE NW STREET AT THE 11 STREET","24","100.0000","42401","Sulfur dioxide","41980","San Juan-Carolina-Caguas, PR","72","Puerto Rico","033","Catano","18.431207580152","-66.1416826216148"
"08/16/2020","AQS","720330004","1","2.8","ppb","3","THE NW STREET AT THE 11 STREET","24","100.0000","42401","Sulfur dioxide","41980","San Juan-Carolina-Caguas, PR","72","Puerto Rico","033","Catano","18.431207580152","-66.1416826216148"
"08/17/2020","AQS","720330004","1","4.1","ppb","6","THE NW STREET AT THE 11 STREET","24","100.0000","42401","Sulfur dioxide","41980","San Juan-Carolina-Caguas, PR","72","Puerto Rico","033","Catano","18.431207580152","-66.1416826216148"
"08/18/2020","AQS","720330004","1","6.8","ppb","9","THE NW STREET AT THE 11 STREET","24","100.0000","42401","Sulfur dioxide","41980","San Juan-Carolina-Caguas, PR","72","Puerto Rico","033","Catano","18.431207580152","-66.1416826216148"
"08/19/2020","AQS","720330004","1","6.1","ppb","9","THE NW STREET AT THE 11 STREET","23","96.0000","42401","Sulfur dioxide","41980","San Juan-Carolina-Caguas, PR","72","Puerto Rico","033","Catano","18.431207580152","-66.1416826216148"
"08/20/2020","AQS","720330004","1","3.3","ppb","4","THE NW STREET AT THE 11 STREET","24","100.0000","42401","Sulfur dioxide","41980","San Juan-Carolina-Caguas, PR","72","Puerto Rico","033","Catano","18.431207580152","-66.1416826216148"
"08/21/2020","AQS","720330004","1","3.1","ppb","4","THE NW STREET AT THE 11 STREET","24","100.0000","42401","Sulfur dioxide","41980","San Juan-Carolina-Caguas, PR","72","Puerto Rico","033","Catano","18.431207580152","-66.1416826216148"
"08/22/2020","AQS","720330004","1","2.6","ppb","3","THE NW STREET AT THE 11 STREET","24","100.0000","42401","Sulfur dioxide","41980","San Juan-Carolina-Caguas, PR","72","Puerto Rico","033","Catano","18.431207580152","-66.1416826216148"
"08/23/2020","AQS","720330004","1","5.3","ppb","7","THE NW STREET AT THE 11 STREET","24","100.0000","42401","Sulfur dioxide","41980","San Juan-Carolina-Caguas, PR","72","Puerto Rico","033","Catano","18.431207580152","-66.1416826216148"
"08/24/2020","AQS","720330004","1","3","ppb","4","THE NW STREET AT THE 11 STREET","24","100.0000","42401","Sulfur dioxide","41980","San Juan-Carolina-Caguas, PR","72","Puerto Rico","033","Catano","18.431207580152","-66.1416826216148"
"08/25/2020","AQS","720330004","1","3.2","ppb","4","THE NW STREET AT THE 11 STREET","24","100.0000","42401","Sulfur dioxide","41980","San Juan-Carolina-Caguas, PR","72","Puerto Rico","033","Catano","18.431207580152","-66.1416826216148"
"08/26/2020","AQS","720330004","1","3.2","ppb","4","THE NW STREET AT THE 11 STREET","24","100.0000","42401","Sulfur dioxide","41980","San Juan-Carolina-Caguas, PR","72","Puerto Rico","033","Catano","18.431207580152","-66.1416826216148"
"08/27/2020","AQS","720330004","1","3.1","ppb","4","THE NW STREET AT THE 11 STREET","24","100.0000","42401","Sulfur dioxide","41980","San Juan-Carolina-Caguas, PR","72","Puerto Rico","033","Catano","18.431207580152","-66.1416826216148"
"08/28/2020","AQS","720330004","1","2.9","ppb","3","THE NW STREET AT THE 11 STREET","24","100.0000","42401","Sulfur dioxide","41980","San Juan-Carolina-Caguas, PR","72","Puerto Rico","033","Catano","18.431207580152","-66.1416826216148"
"08/29/2020","AQS","720330004","1","3","ppb","4","THE NW STREET AT THE 11 STREET","24","100.0000","42401","Sulfur dioxide","41980","San Juan-Carolina-Caguas, PR","72","Puerto Rico","033","Catano","18.431207580152","-66.1416826216148"
"08/30/2020","AQS","720330004","1","3","ppb","4","THE NW STREET AT THE 11 STREET","24","100.0000","42401","Sulfur dioxide","41980","San Juan-Carolina-Caguas, PR","72","Puerto Rico","033","Catano","18.431207580152","-66.1416826216148"
"09/01/2020","AQS","720330004","1","3.1","ppb","4","THE NW STREET AT THE 11 STREET","23","96.0000","42401","Sulfur dioxide","41980","San Juan-Carolina-Caguas, PR","72","Puerto Rico","033","Catano","18.431207580152","-66.1416826216148"
"09/02/2020","AQS","720330004","1","3","ppb","4","THE NW STREET AT THE 11 STREET","22","92.0000","42401","Sulfur dioxide","41980","San Juan-Carolina-Caguas, PR","72","Puerto Rico","033","Catano","18.431207580152","-66.1416826216148"
"09/03/2020","AQS","720330004","1","3.6","ppb","4","THE NW STREET AT THE 11 STREET","24","100.0000","42401","Sulfur dioxide","41980","San Juan-Carolina-Caguas, PR","72","Puerto Rico","033","Catano","18.431207580152","-66.1416826216148"
"09/04/2020","AQS","720330004","1","3.5","ppb","4","THE NW STREET AT THE 11 STREET","24","100.0000","42401","Sulfur dioxide","41980","San Juan-Carolina-Caguas, PR","72","Puerto Rico","033","Catano","18.431207580152","-66.1416826216148"
"09/05/2020","AQS","720330004","1","3.2","ppb","4","THE NW STREET AT THE 11 STREET","24","100.0000","42401","Sulfur dioxide","41980","San Juan-Carolina-Caguas, PR","72","Puerto Rico","033","Catano","18.431207580152","-66.1416826216148"
"09/06/2020","AQS","720330004","1","3.1","ppb","4","THE NW STREET AT THE 11 STREET","24","100.0000","42401","Sulfur dioxide","41980","San Juan-Carolina-Caguas, PR","72","Puerto Rico","033","Catano","18.431207580152","-66.1416826216148"
"09/07/2020","AQS","720330004","1","4.5","ppb","6","THE NW STREET AT THE 11 STREET","24","100.0000","42401","Sulfur dioxide","41980","San Juan-Carolina-Caguas, PR","72","Puerto Rico","033","Catano","18.431207580152","-66.1416826216148"
"09/08/2020","AQS","720330004","1","3.5","ppb","4","THE NW STREET AT THE 11 STREET","24","100.0000","42401","Sulfur dioxide","41980","San Juan-Carolina-Caguas, PR","72","Puerto Rico","033","Catano","18.431207580152","-66.1416826216148"
"09/10/2020","AQS","720330004","1","3.3","ppb","4","THE NW STREET AT THE 11 STREET","24","100.0000","42401","Sulfur dioxide","41980","San Juan-Carolina-Caguas, PR","72","Puerto Rico","033","Catano","18.431207580152","-66.1416826216148"
"09/11/2020","AQS","720330004","1","3.3","ppb","4","THE NW STREET AT THE 11 STREET","24","100.0000","42401","Sulfur dioxide","41980","San Juan-Carolina-Caguas, PR","72","Puerto Rico","033","Catano","18.431207580152","-66.1416826216148"
"09/12/2020","AQS","720330004","1","4.5","ppb","6","THE NW STREET AT THE 11 STREET","24","100.0000","42401","Sulfur dioxide","41980","San Juan-Carolina-Caguas, PR","72","Puerto Rico","033","Catano","18.431207580152","-66.1416826216148"
"09/13/2020","AQS","720330004","1","3.5","ppb","4","THE NW STREET AT THE 11 STREET","24","100.0000","42401","Sulfur dioxide","41980","San Juan-Carolina-Caguas, PR","72","Puerto Rico","033","Catano","18.431207580152","-66.1416826216148"
"09/17/2020","AQS","720330004","1","3.4","ppb","4","THE NW STREET AT THE 11 STREET","24","100.0000","42401","Sulfur dioxide","41980","San Juan-Carolina-Caguas, PR","72","Puerto Rico","033","Catano","18.431207580152","-66.1416826216148"
"09/18/2020","AQS","720330004","1","3.4","ppb","4","THE NW STREET AT THE 11 STREET","24","100.0000","42401","Sulfur dioxide","41980","San Juan-Carolina-Caguas, PR","72","Puerto Rico","033","Catano","18.431207580152","-66.1416826216148"
"09/19/2020","AQS","720330004","1","15.9","ppb","21","THE NW STREET AT THE 11 STREET","24","100.0000","42401","Sulfur dioxide","41980","San Juan-Carolina-Caguas, PR","72","Puerto Rico","033","Catano","18.431207580152","-66.1416826216148"
"09/20/2020","AQS","720330004","1","3.7","ppb","4","THE NW STREET AT THE 11 STREET","24","100.0000","42401","Sulfur dioxide","41980","San Juan-Carolina-Caguas, PR","72","Puerto Rico","033","Catano","18.431207580152","-66.1416826216148"
"09/21/2020","AQS","720330004","1","10.5","ppb","14","THE NW STREET AT THE 11 STREET","24","100.0000","42401","Sulfur dioxide","41980","San Juan-Carolina-Caguas, PR","72","Puerto Rico","033","Catano","18.431207580152","-66.1416826216148"
"09/22/2020","AQS","720330004","1","11.8","ppb","16","THE NW STREET AT THE 11 STREET","22","92.0000","42401","Sulfur dioxide","41980","San Juan-Carolina-Caguas, PR","72","Puerto Rico","033","Catano","18.431207580152","-66.1416826216148"
"09/23/2020","AQS","720330004","1","0.9","ppb","0","THE NW STREET AT THE 11 STREET","24","100.0000","42401","Sulfur dioxide","41980","San Juan-Carolina-Caguas, PR","72","Puerto Rico","033","Catano","18.431207580152","-66.1416826216148"
"09/24/2020","AQS","720330004","1","0.8","ppb","0","THE NW STREET AT THE 11 STREET","20","83.0000","42401","Sulfur dioxide","41980","San Juan-Carolina-Caguas, PR","72","Puerto Rico","033","Catano","18.431207580152","-66.1416826216148"
"09/25/2020","AQS","720330004","1","0.8","ppb","0","THE NW STREET AT THE 11 STREET","24","100.0000","42401","Sulfur dioxide","41980","San Juan-Carolina-Caguas, PR","72","Puerto Rico","033","Catano","18.431207580152","-66.1416826216148"
"09/26/2020","AQS","720330004","1","1","ppb","1","THE NW STREET AT THE 11 STREET","24","100.0000","42401","Sulfur dioxide","41980","San Juan-Carolina-Caguas, PR","72","Puerto Rico","033","Catano","18.431207580152","-66.1416826216148"
"09/27/2020","AQS","720330004","1","0.9","ppb","0","THE NW STREET AT THE 11 STREET","24","100.0000","42401","Sulfur dioxide","41980","San Juan-Carolina-Caguas, PR","72","Puerto Rico","033","Catano","18.431207580152","-66.1416826216148"
"09/28/2020","AQS","720330004","1","0.7","ppb","0","THE NW STREET AT THE 11 STREET","24","100.0000","42401","Sulfur dioxide","41980","San Juan-Carolina-Caguas, PR","72","Puerto Rico","033","Catano","18.431207580152","-66.1416826216148"
"09/29/2020","AQS","720330004","1","1.3","ppb","1","THE NW STREET AT THE 11 STREET","24","100.0000","42401","Sulfur dioxide","41980","San Juan-Carolina-Caguas, PR","72","Puerto Rico","033","Catano","18.431207580152","-66.1416826216148"
"09/30/2020","AQS","720330004","1","0.1","ppb","0","THE NW STREET AT THE 11 STREET","22","92.0000","42401","Sulfur dioxide","41980","San Juan-Carolina-Caguas, PR","72","Puerto Rico","033","Catano","18.431207580152","-66.1416826216148"
"10/07/2020","AQS","720330004","1","0.8","ppb","0","THE NW STREET AT THE 11 STREET","24","100.0000","42401","Sulfur dioxide","41980","San Juan-Carolina-Caguas, PR","72","Puerto Rico","033","Catano","18.431207580152","-66.1416826216148"
"10/08/2020","AQS","720330004","1","1","ppb","1","THE NW STREET AT THE 11 STREET","24","100.0000","42401","Sulfur dioxide","41980","San Juan-Carolina-Caguas, PR","72","Puerto Rico","033","Catano","18.431207580152","-66.1416826216148"
"10/09/2020","AQS","720330004","1","1.4","ppb","1","THE NW STREET AT THE 11 STREET","24","100.0000","42401","Sulfur dioxide","41980","San Juan-Carolina-Caguas, PR","72","Puerto Rico","033","Catano","18.431207580152","-66.1416826216148"
"10/10/2020","AQS","720330004","1","0.8","ppb","0","THE NW STREET AT THE 11 STREET","24","100.0000","42401","Sulfur dioxide","41980","San Juan-Carolina-Caguas, PR","72","Puerto Rico","033","Catano","18.431207580152","-66.1416826216148"
"10/11/2020","AQS","720330004","1","0.7","ppb","0","THE NW STREET AT THE 11 STREET","24","100.0000","42401","Sulfur dioxide","41980","San Juan-Carolina-Caguas, PR","72","Puerto Rico","033","Catano","18.431207580152","-66.1416826216148"
"10/12/2020","AQS","720330004","1","1.9","ppb","1","THE NW STREET AT THE 11 STREET","24","100.0000","42401","Sulfur dioxide","41980","San Juan-Carolina-Caguas, PR","72","Puerto Rico","033","Catano","18.431207580152","-66.1416826216148"
"10/13/2020","AQS","720330004","1","1.4","ppb","1","THE NW STREET AT THE 11 STREET","24","100.0000","42401","Sulfur dioxide","41980","San Juan-Carolina-Caguas, PR","72","Puerto Rico","033","Catano","18.431207580152","-66.1416826216148"
"10/14/2020","AQS","720330004","1","1.3","ppb","1","THE NW STREET AT THE 11 STREET","24","100.0000","42401","Sulfur dioxide","41980","San Juan-Carolina-Caguas, PR","72","Puerto Rico","033","Catano","18.431207580152","-66.1416826216148"
"10/15/2020","AQS","720330004","1","1.1","ppb","1","THE NW STREET AT THE 11 STREET","24","100.0000","42401","Sulfur dioxide","41980","San Juan-Carolina-Caguas, PR","72","Puerto Rico","033","Catano","18.431207580152","-66.1416826216148"
"10/16/2020","AQS","720330004","1","1.1","ppb","1","THE NW STREET AT THE 11 STREET","24","100.0000","42401","Sulfur dioxide","41980","San Juan-Carolina-Caguas, PR","72","Puerto Rico","033","Catano","18.431207580152","-66.1416826216148"
"10/17/2020","AQS","720330004","1","1.1","ppb","1","THE NW STREET AT THE 11 STREET","24","100.0000","42401","Sulfur dioxide","41980","San Juan-Carolina-Caguas, PR","72","Puerto Rico","033","Catano","18.431207580152","-66.1416826216148"
"10/18/2020","AQS","720330004","1","1","ppb","1","THE NW STREET AT THE 11 STREET","24","100.0000","42401","Sulfur dioxide","41980","San Juan-Carolina-Caguas, PR","72","Puerto Rico","033","Catano","18.431207580152","-66.1416826216148"
"10/19/2020","AQS","720330004","1","18","ppb","26","THE NW STREET AT THE 11 STREET","24","100.0000","42401","Sulfur dioxide","41980","San Juan-Carolina-Caguas, PR","72","Puerto Rico","033","Catano","18.431207580152","-66.1416826216148"
"10/20/2020","AQS","720330004","1","5.4","ppb","7","THE NW STREET AT THE 11 STREET","24","100.0000","42401","Sulfur dioxide","41980","San Juan-Carolina-Caguas, PR","72","Puerto Rico","033","Catano","18.431207580152","-66.1416826216148"
"10/21/2020","AQS","720330004","1","3","ppb","4","THE NW STREET AT THE 11 STREET","23","96.0000","42401","Sulfur dioxide","41980","San Juan-Carolina-Caguas, PR","72","Puerto Rico","033","Catano","18.431207580152","-66.1416826216148"
"10/22/2020","AQS","720330004","1","1.4","ppb","1","THE NW STREET AT THE 11 STREET","24","100.0000","42401","Sulfur dioxide","41980","San Juan-Carolina-Caguas, PR","72","Puerto Rico","033","Catano","18.431207580152","-66.1416826216148"
"10/23/2020","AQS","720330004","1","1.2","ppb","1","THE NW STREET AT THE 11 STREET","24","100.0000","42401","Sulfur dioxide","41980","San Juan-Carolina-Caguas, PR","72","Puerto Rico","033","Catano","18.431207580152","-66.1416826216148"
"10/24/2020","AQS","720330004","1","4.3","ppb","6","THE NW STREET AT THE 11 STREET","24","100.0000","42401","Sulfur dioxide","41980","San Juan-Carolina-Caguas, PR","72","Puerto Rico","033","Catano","18.431207580152","-66.1416826216148"
"10/25/2020","AQS","720330004","1","1.8","ppb","1","THE NW STREET AT THE 11 STREET","24","100.0000","42401","Sulfur dioxide","41980","San Juan-Carolina-Caguas, PR","72","Puerto Rico","033","Catano","18.431207580152","-66.1416826216148"
"10/26/2020","AQS","720330004","1","1.4","ppb","1","THE NW STREET AT THE 11 STREET","24","100.0000","42401","Sulfur dioxide","41980","San Juan-Carolina-Caguas, PR","72","Puerto Rico","033","Catano","18.431207580152","-66.1416826216148"
"10/27/2020","AQS","720330004","1","1.1","ppb","1","THE NW STREET AT THE 11 STREET","24","100.0000","42401","Sulfur dioxide","41980","San Juan-Carolina-Caguas, PR","72","Puerto Rico","033","Catano","18.431207580152","-66.1416826216148"
"10/28/2020","AQS","720330004","1","1","ppb","1","THE NW STREET AT THE 11 STREET","24","100.0000","42401","Sulfur dioxide","41980","San Juan-Carolina-Caguas, PR","72","Puerto Rico","033","Catano","18.431207580152","-66.1416826216148"
"10/29/2020","AQS","720330004","1","1.8","ppb","1","THE NW STREET AT THE 11 STREET","23","96.0000","42401","Sulfur dioxide","41980","San Juan-Carolina-Caguas, PR","72","Puerto Rico","033","Catano","18.431207580152","-66.1416826216148"
"10/30/2020","AQS","720330004","1","3","ppb","4","THE NW STREET AT THE 11 STREET","24","100.0000","42401","Sulfur dioxide","41980","San Juan-Carolina-Caguas, PR","72","Puerto Rico","033","Catano","18.431207580152","-66.1416826216148"
"10/31/2020","AQS","720330004","1","2.3","ppb","3","THE NW STREET AT THE 11 STREET","24","100.0000","42401","Sulfur dioxide","41980","San Juan-Carolina-Caguas, PR","72","Puerto Rico","033","Catano","18.431207580152","-66.1416826216148"
