"Date","Source","Site ID","POC","Daily Max 8-hour CO Concentration","UNITS","DAILY_AQI_VALUE","Site Name","DAILY_OBS_COUNT","PERCENT_COMPLETE","AQS_PARAMETER_CODE","AQS_PARAMETER_DESC","CBSA_CODE","CBSA_NAME","STATE_CODE","STATE","COUNTY_CODE","COUNTY","SITE_LATITUDE","SITE_LONGITUDE"
"01/01/2021","AQS","720210010","1","0.5","ppm","6","","19","79.0000","42101","Carbon monoxide","41980","San Juan-Carolina-Caguas, PR","72","Puerto Rico","021","Bayamon","18.420089117091","-66.1506154959386"
"01/02/2021","AQS","720210010","1","0.5","ppm","6","","24","100.0000","42101","Carbon monoxide","41980","San Juan-Carolina-Caguas, PR","72","Puerto Rico","021","Bayamon","18.420089117091","-66.1506154959386"
"01/03/2021","AQS","720210010","1","0.5","ppm","6","","24","100.0000","42101","Carbon monoxide","41980","San Juan-Carolina-Caguas, PR","72","Puerto Rico","021","Bayamon","18.420089117091","-66.1506154959386"
"01/04/2021","AQS","720210010","1","0.5","ppm","6","","24","100.0000","42101","Carbon monoxide","41980","San Juan-Carolina-Caguas, PR","72","Puerto Rico","021","Bayamon","18.420089117091","-66.1506154959386"
"01/05/2021","AQS","720210010","1","0.5","ppm","6","","24","100.0000","42101","Carbon monoxide","41980","San Juan-Carolina-Caguas, PR","72","Puerto Rico","021","Bayamon","18.420089117091","-66.1506154959386"
"01/06/2021","AQS","720210010","1","0.5","ppm","6","","24","100.0000","42101","Carbon monoxide","41980","San Juan-Carolina-Caguas, PR","72","Puerto Rico","021","Bayamon","18.420089117091","-66.1506154959386"
"01/07/2021","AQS","720210010","1","0.5","ppm","6","","24","100.0000","42101","Carbon monoxide","41980","San Juan-Carolina-Caguas, PR","72","Puerto Rico","021","Bayamon","18.420089117091","-66.1506154959386"
"01/08/2021","AQS","720210010","1","0.5","ppm","6","","24","100.0000","42101","Carbon monoxide","41980","San Juan-Carolina-Caguas, PR","72","Puerto Rico","021","Bayamon","18.420089117091","-66.1506154959386"
"01/09/2021","AQS","720210010","1","0.5","ppm","6","","24","100.0000","42101","Carbon monoxide","41980","San Juan-Carolina-Caguas, PR","72","Puerto Rico","021","Bayamon","18.420089117091","-66.1506154959386"
"01/10/2021","AQS","720210010","1","0.5","ppm","6","","24","100.0000","42101","Carbon monoxide","41980","San Juan-Carolina-Caguas, PR","72","Puerto Rico","021","Bayamon","18.420089117091","-66.1506154959386"
"01/11/2021","AQS","720210010","1","0.5","ppm","6","","24","100.0000","42101","Carbon monoxide","41980","San Juan-Carolina-Caguas, PR","72","Puerto Rico","021","Bayamon","18.420089117091","-66.1506154959386"
"01/12/2021","AQS","720210010","1","0.5","ppm","6","","24","100.0000","42101","Carbon monoxide","41980","San Juan-Carolina-Caguas, PR","72","Puerto Rico","021","Bayamon","18.420089117091","-66.1506154959386"
"01/13/2021","AQS","720210010","1","0.5","ppm","6","","24","100.0000","42101","Carbon monoxide","41980","San Juan-Carolina-Caguas, PR","72","Puerto Rico","021","Bayamon","18.420089117091","-66.1506154959386"
"01/14/2021","AQS","720210010","1","0.5","ppm","6","","24","100.0000","42101","Carbon monoxide","41980","San Juan-Carolina-Caguas, PR","72","Puerto Rico","021","Bayamon","18.420089117091","-66.1506154959386"
"01/15/2021","AQS","720210010","1","0.5","ppm","6","","24","100.0000","42101","Carbon monoxide","41980","San Juan-Carolina-Caguas, PR","72","Puerto Rico","021","Bayamon","18.420089117091","-66.1506154959386"
"01/16/2021","AQS","720210010","1","0.5","ppm","6","","24","100.0000","42101","Carbon monoxide","41980","San Juan-Carolina-Caguas, PR","72","Puerto Rico","021","Bayamon","18.420089117091","-66.1506154959386"
"01/17/2021","AQS","720210010","1","0.5","ppm","6","","24","100.0000","42101","Carbon monoxide","41980","San Juan-Carolina-Caguas, PR","72","Puerto Rico","021","Bayamon","18.420089117091","-66.1506154959386"
"01/18/2021","AQS","720210010","1","0.5","ppm","6","","24","100.0000","42101","Carbon monoxide","41980","San Juan-Carolina-Caguas, PR","72","Puerto Rico","021","Bayamon","18.420089117091","-66.1506154959386"
"01/19/2021","AQS","720210010","1","0.5","ppm","6","","24","100.0000","42101","Carbon monoxide","41980","San Juan-Carolina-Caguas, PR","72","Puerto Rico","021","Bayamon","18.420089117091","-66.1506154959386"
"01/20/2021","AQS","720210010","1","0.5","ppm","6","","24","100.0000","42101","Carbon monoxide","41980","San Juan-Carolina-Caguas, PR","72","Puerto Rico","021","Bayamon","18.420089117091","-66.1506154959386"
"01/21/2021","AQS","720210010","1","0.5","ppm","6","","24","100.0000","42101","Carbon monoxide","41980","San Juan-Carolina-Caguas, PR","72","Puerto Rico","021","Bayamon","18.420089117091","-66.1506154959386"
"01/22/2021","AQS","720210010","1","0.5","ppm","6","","24","100.0000","42101","Carbon monoxide","41980","San Juan-Carolina-Caguas, PR","72","Puerto Rico","021","Bayamon","18.420089117091","-66.1506154959386"
"01/23/2021","AQS","720210010","1","0.5","ppm","6","","24","100.0000","42101","Carbon monoxide","41980","San Juan-Carolina-Caguas, PR","72","Puerto Rico","021","Bayamon","18.420089117091","-66.1506154959386"
"01/24/2021","AQS","720210010","1","0.5","ppm","6","","24","100.0000","42101","Carbon monoxide","41980","San Juan-Carolina-Caguas, PR","72","Puerto Rico","021","Bayamon","18.420089117091","-66.1506154959386"
"01/25/2021","AQS","720210010","1","0.5","ppm","6","","24","100.0000","42101","Carbon monoxide","41980","San Juan-Carolina-Caguas, PR","72","Puerto Rico","021","Bayamon","18.420089117091","-66.1506154959386"
"01/26/2021","AQS","720210010","1","0.5","ppm","6","","24","100.0000","42101","Carbon monoxide","41980","San Juan-Carolina-Caguas, PR","72","Puerto Rico","021","Bayamon","18.420089117091","-66.1506154959386"
"01/27/2021","AQS","720210010","1","0.5","ppm","6","","24","100.0000","42101","Carbon monoxide","41980","San Juan-Carolina-Caguas, PR","72","Puerto Rico","021","Bayamon","18.420089117091","-66.1506154959386"
"01/28/2021","AQS","720210010","1","0.5","ppm","6","","24","100.0000","42101","Carbon monoxide","41980","San Juan-Carolina-Caguas, PR","72","Puerto Rico","021","Bayamon","18.420089117091","-66.1506154959386"
"01/29/2021","AQS","720210010","1","0.5","ppm","6","","24","100.0000","42101","Carbon monoxide","41980","San Juan-Carolina-Caguas, PR","72","Puerto Rico","021","Bayamon","18.420089117091","-66.1506154959386"
"01/30/2021","AQS","720210010","1","0.5","ppm","6","","24","100.0000","42101","Carbon monoxide","41980","San Juan-Carolina-Caguas, PR","72","Puerto Rico","021","Bayamon","18.420089117091","-66.1506154959386"
"01/31/2021","AQS","720210010","1","0.5","ppm","6","","24","100.0000","42101","Carbon monoxide","41980","San Juan-Carolina-Caguas, PR","72","Puerto Rico","021","Bayamon","18.420089117091","-66.1506154959386"
"02/01/2021","AQS","720210010","1","0.5","ppm","6","","24","100.0000","42101","Carbon monoxide","41980","San Juan-Carolina-Caguas, PR","72","Puerto Rico","021","Bayamon","18.420089117091","-66.1506154959386"
"02/02/2021","AQS","720210010","1","0.5","ppm","6","","24","100.0000","42101","Carbon monoxide","41980","San Juan-Carolina-Caguas, PR","72","Puerto Rico","021","Bayamon","18.420089117091","-66.1506154959386"
"02/03/2021","AQS","720210010","1","0.5","ppm","6","","24","100.0000","42101","Carbon monoxide","41980","San Juan-Carolina-Caguas, PR","72","Puerto Rico","021","Bayamon","18.420089117091","-66.1506154959386"
"02/04/2021","AQS","720210010","1","0.5","ppm","6","","24","100.0000","42101","Carbon monoxide","41980","San Juan-Carolina-Caguas, PR","72","Puerto Rico","021","Bayamon","18.420089117091","-66.1506154959386"
"02/05/2021","AQS","720210010","1","0.5","ppm","6","","24","100.0000","42101","Carbon monoxide","41980","San Juan-Carolina-Caguas, PR","72","Puerto Rico","021","Bayamon","18.420089117091","-66.1506154959386"
"02/06/2021","AQS","720210010","1","0.5","ppm","6","","24","100.0000","42101","Carbon monoxide","41980","San Juan-Carolina-Caguas, PR","72","Puerto Rico","021","Bayamon","18.420089117091","-66.1506154959386"
"02/07/2021","AQS","720210010","1","0.5","ppm","6","","24","100.0000","42101","Carbon monoxide","41980","San Juan-Carolina-Caguas, PR","72","Puerto Rico","021","Bayamon","18.420089117091","-66.1506154959386"
"02/08/2021","AQS","720210010","1","0.5","ppm","6","","24","100.0000","42101","Carbon monoxide","41980","San Juan-Carolina-Caguas, PR","72","Puerto Rico","021","Bayamon","18.420089117091","-66.1506154959386"
"02/09/2021","AQS","720210010","1","0.5","ppm","6","","24","100.0000","42101","Carbon monoxide","41980","San Juan-Carolina-Caguas, PR","72","Puerto Rico","021","Bayamon","18.420089117091","-66.1506154959386"
"02/10/2021","AQS","720210010","1","0.5","ppm","6","","24","100.0000","42101","Carbon monoxide","41980","San Juan-Carolina-Caguas, PR","72","Puerto Rico","021","Bayamon","18.420089117091","-66.1506154959386"
"02/11/2021","AQS","720210010","1","0.5","ppm","6","","24","100.0000","42101","Carbon monoxide","41980","San Juan-Carolina-Caguas, PR","72","Puerto Rico","021","Bayamon","18.420089117091","-66.1506154959386"
"02/12/2021","AQS","720210010","1","0.5","ppm","6","","24","100.0000","42101","Carbon monoxide","41980","San Juan-Carolina-Caguas, PR","72","Puerto Rico","021","Bayamon","18.420089117091","-66.1506154959386"
"02/13/2021","AQS","720210010","1","0.5","ppm","6","","24","100.0000","42101","Carbon monoxide","41980","San Juan-Carolina-Caguas, PR","72","Puerto Rico","021","Bayamon","18.420089117091","-66.1506154959386"
"02/14/2021","AQS","720210010","1","0.5","ppm","6","","24","100.0000","42101","Carbon monoxide","41980","San Juan-Carolina-Caguas, PR","72","Puerto Rico","021","Bayamon","18.420089117091","-66.1506154959386"
"02/15/2021","AQS","720210010","1","0.5","ppm","6","","24","100.0000","42101","Carbon monoxide","41980","San Juan-Carolina-Caguas, PR","72","Puerto Rico","021","Bayamon","18.420089117091","-66.1506154959386"
"02/16/2021","AQS","720210010","1","0.5","ppm","6","","24","100.0000","42101","Carbon monoxide","41980","San Juan-Carolina-Caguas, PR","72","Puerto Rico","021","Bayamon","18.420089117091","-66.1506154959386"
"02/17/2021","AQS","720210010","1","0.5","ppm","6","","24","100.0000","42101","Carbon monoxide","41980","San Juan-Carolina-Caguas, PR","72","Puerto Rico","021","Bayamon","18.420089117091","-66.1506154959386"
"02/18/2021","AQS","720210010","1","0.5","ppm","6","","24","100.0000","42101","Carbon monoxide","41980","San Juan-Carolina-Caguas, PR","72","Puerto Rico","021","Bayamon","18.420089117091","-66.1506154959386"
"02/19/2021","AQS","720210010","1","0.5","ppm","6","","24","100.0000","42101","Carbon monoxide","41980","San Juan-Carolina-Caguas, PR","72","Puerto Rico","021","Bayamon","18.420089117091","-66.1506154959386"
"02/20/2021","AQS","720210010","1","0.5","ppm","6","","24","100.0000","42101","Carbon monoxide","41980","San Juan-Carolina-Caguas, PR","72","Puerto Rico","021","Bayamon","18.420089117091","-66.1506154959386"
"02/21/2021","AQS","720210010","1","0.5","ppm","6","","24","100.0000","42101","Carbon monoxide","41980","San Juan-Carolina-Caguas, PR","72","Puerto Rico","021","Bayamon","18.420089117091","-66.1506154959386"
"02/22/2021","AQS","720210010","1","0.5","ppm","6","","24","100.0000","42101","Carbon monoxide","41980","San Juan-Carolina-Caguas, PR","72","Puerto Rico","021","Bayamon","18.420089117091","-66.1506154959386"
"02/23/2021","AQS","720210010","1","0.5","ppm","6","","24","100.0000","42101","Carbon monoxide","41980","San Juan-Carolina-Caguas, PR","72","Puerto Rico","021","Bayamon","18.420089117091","-66.1506154959386"
"02/24/2021","AQS","720210010","1","0.5","ppm","6","","24","100.0000","42101","Carbon monoxide","41980","San Juan-Carolina-Caguas, PR","72","Puerto Rico","021","Bayamon","18.420089117091","-66.1506154959386"
"02/25/2021","AQS","720210010","1","0.5","ppm","6","","24","100.0000","42101","Carbon monoxide","41980","San Juan-Carolina-Caguas, PR","72","Puerto Rico","021","Bayamon","18.420089117091","-66.1506154959386"
"02/26/2021","AQS","720210010","1","0.5","ppm","6","","2","8.0000","42101","Carbon monoxide","41980","San Juan-Carolina-Caguas, PR","72","Puerto Rico","021","Bayamon","18.420089117091","-66.1506154959386"
"03/16/2021","AQS","720210010","1","1.2","ppm","14","","19","79.0000","42101","Carbon monoxide","41980","San Juan-Carolina-Caguas, PR","72","Puerto Rico","021","Bayamon","18.420089117091","-66.1506154959386"
"03/17/2021","AQS","720210010","1","0.5","ppm","6","","24","100.0000","42101","Carbon monoxide","41980","San Juan-Carolina-Caguas, PR","72","Puerto Rico","021","Bayamon","18.420089117091","-66.1506154959386"
"03/18/2021","AQS","720210010","1","0.5","ppm","6","","24","100.0000","42101","Carbon monoxide","41980","San Juan-Carolina-Caguas, PR","72","Puerto Rico","021","Bayamon","18.420089117091","-66.1506154959386"
"03/19/2021","AQS","720210010","1","0.5","ppm","6","","24","100.0000","42101","Carbon monoxide","41980","San Juan-Carolina-Caguas, PR","72","Puerto Rico","021","Bayamon","18.420089117091","-66.1506154959386"
"03/20/2021","AQS","720210010","1","0.1","ppm","1","","24","100.0000","42101","Carbon monoxide","41980","San Juan-Carolina-Caguas, PR","72","Puerto Rico","021","Bayamon","18.420089117091","-66.1506154959386"
"03/21/2021","AQS","720210010","1","0.2","ppm","2","","24","100.0000","42101","Carbon monoxide","41980","San Juan-Carolina-Caguas, PR","72","Puerto Rico","021","Bayamon","18.420089117091","-66.1506154959386"
"03/22/2021","AQS","720210010","1","0.1","ppm","1","","24","100.0000","42101","Carbon monoxide","41980","San Juan-Carolina-Caguas, PR","72","Puerto Rico","021","Bayamon","18.420089117091","-66.1506154959386"
"03/23/2021","AQS","720210010","1","0.1","ppm","1","","24","100.0000","42101","Carbon monoxide","41980","San Juan-Carolina-Caguas, PR","72","Puerto Rico","021","Bayamon","18.420089117091","-66.1506154959386"
"03/24/2021","AQS","720210010","1","0.2","ppm","2","","24","100.0000","42101","Carbon monoxide","41980","San Juan-Carolina-Caguas, PR","72","Puerto Rico","021","Bayamon","18.420089117091","-66.1506154959386"
"03/25/2021","AQS","720210010","1","0.1","ppm","1","","24","100.0000","42101","Carbon monoxide","41980","San Juan-Carolina-Caguas, PR","72","Puerto Rico","021","Bayamon","18.420089117091","-66.1506154959386"
"03/26/2021","AQS","720210010","1","0.1","ppm","1","","24","100.0000","42101","Carbon monoxide","41980","San Juan-Carolina-Caguas, PR","72","Puerto Rico","021","Bayamon","18.420089117091","-66.1506154959386"
"03/27/2021","AQS","720210010","1","0.1","ppm","1","","24","100.0000","42101","Carbon monoxide","41980","San Juan-Carolina-Caguas, PR","72","Puerto Rico","021","Bayamon","18.420089117091","-66.1506154959386"
"03/28/2021","AQS","720210010","1","0.1","ppm","1","","24","100.0000","42101","Carbon monoxide","41980","San Juan-Carolina-Caguas, PR","72","Puerto Rico","021","Bayamon","18.420089117091","-66.1506154959386"
"03/29/2021","AQS","720210010","1","0.2","ppm","2","","24","100.0000","42101","Carbon monoxide","41980","San Juan-Carolina-Caguas, PR","72","Puerto Rico","021","Bayamon","18.420089117091","-66.1506154959386"
"03/30/2021","AQS","720210010","1","0.1","ppm","1","","24","100.0000","42101","Carbon monoxide","41980","San Juan-Carolina-Caguas, PR","72","Puerto Rico","021","Bayamon","18.420089117091","-66.1506154959386"
"03/31/2021","AQS","720210010","1","0.1","ppm","1","","24","100.0000","42101","Carbon monoxide","41980","San Juan-Carolina-Caguas, PR","72","Puerto Rico","021","Bayamon","18.420089117091","-66.1506154959386"
"04/01/2021","AQS","720210010","1","0","ppm","0","","24","100.0000","42101","Carbon monoxide","41980","San Juan-Carolina-Caguas, PR","72","Puerto Rico","021","Bayamon","18.420089117091","-66.1506154959386"
"04/02/2021","AQS","720210010","1","0.1","ppm","1","","24","100.0000","42101","Carbon monoxide","41980","San Juan-Carolina-Caguas, PR","72","Puerto Rico","021","Bayamon","18.420089117091","-66.1506154959386"
"04/03/2021","AQS","720210010","1","0.1","ppm","1","","24","100.0000","42101","Carbon monoxide","41980","San Juan-Carolina-Caguas, PR","72","Puerto Rico","021","Bayamon","18.420089117091","-66.1506154959386"
"04/04/2021","AQS","720210010","1","0","ppm","0","","24","100.0000","42101","Carbon monoxide","41980","San Juan-Carolina-Caguas, PR","72","Puerto Rico","021","Bayamon","18.420089117091","-66.1506154959386"
"04/05/2021","AQS","720210010","1","0.1","ppm","1","","24","100.0000","42101","Carbon monoxide","41980","San Juan-Carolina-Caguas, PR","72","Puerto Rico","021","Bayamon","18.420089117091","-66.1506154959386"
"04/06/2021","AQS","720210010","1","0.1","ppm","1","","24","100.0000","42101","Carbon monoxide","41980","San Juan-Carolina-Caguas, PR","72","Puerto Rico","021","Bayamon","18.420089117091","-66.1506154959386"
"04/07/2021","AQS","720210010","1","0.1","ppm","1","","24","100.0000","42101","Carbon monoxide","41980","San Juan-Carolina-Caguas, PR","72","Puerto Rico","021","Bayamon","18.420089117091","-66.1506154959386"
"04/08/2021","AQS","720210010","1","0.1","ppm","1","","10","42.0000","42101","Carbon monoxide","41980","San Juan-Carolina-Caguas, PR","72","Puerto Rico","021","Bayamon","18.420089117091","-66.1506154959386"
"04/16/2021","AQS","720210010","1","0","ppm","0","","10","42.0000","42101","Carbon monoxide","41980","San Juan-Carolina-Caguas, PR","72","Puerto Rico","021","Bayamon","18.420089117091","-66.1506154959386"
"04/17/2021","AQS","720210010","1","0.1","ppm","1","","24","100.0000","42101","Carbon monoxide","41980","San Juan-Carolina-Caguas, PR","72","Puerto Rico","021","Bayamon","18.420089117091","-66.1506154959386"
"04/18/2021","AQS","720210010","1","0.1","ppm","1","","24","100.0000","42101","Carbon monoxide","41980","San Juan-Carolina-Caguas, PR","72","Puerto Rico","021","Bayamon","18.420089117091","-66.1506154959386"
"04/19/2021","AQS","720210010","1","0.1","ppm","1","","24","100.0000","42101","Carbon monoxide","41980","San Juan-Carolina-Caguas, PR","72","Puerto Rico","021","Bayamon","18.420089117091","-66.1506154959386"
"04/20/2021","AQS","720210010","1","0.1","ppm","1","","24","100.0000","42101","Carbon monoxide","41980","San Juan-Carolina-Caguas, PR","72","Puerto Rico","021","Bayamon","18.420089117091","-66.1506154959386"
"04/21/2021","AQS","720210010","1","0.1","ppm","1","","24","100.0000","42101","Carbon monoxide","41980","San Juan-Carolina-Caguas, PR","72","Puerto Rico","021","Bayamon","18.420089117091","-66.1506154959386"
"04/22/2021","AQS","720210010","1","0.1","ppm","1","","24","100.0000","42101","Carbon monoxide","41980","San Juan-Carolina-Caguas, PR","72","Puerto Rico","021","Bayamon","18.420089117091","-66.1506154959386"
"04/23/2021","AQS","720210010","1","0.1","ppm","1","","24","100.0000","42101","Carbon monoxide","41980","San Juan-Carolina-Caguas, PR","72","Puerto Rico","021","Bayamon","18.420089117091","-66.1506154959386"
"04/24/2021","AQS","720210010","1","0.1","ppm","1","","24","100.0000","42101","Carbon monoxide","41980","San Juan-Carolina-Caguas, PR","72","Puerto Rico","021","Bayamon","18.420089117091","-66.1506154959386"
"04/25/2021","AQS","720210010","1","0.2","ppm","2","","24","100.0000","42101","Carbon monoxide","41980","San Juan-Carolina-Caguas, PR","72","Puerto Rico","021","Bayamon","18.420089117091","-66.1506154959386"
"04/26/2021","AQS","720210010","1","0.1","ppm","1","","24","100.0000","42101","Carbon monoxide","41980","San Juan-Carolina-Caguas, PR","72","Puerto Rico","021","Bayamon","18.420089117091","-66.1506154959386"
"04/27/2021","AQS","720210010","1","0.2","ppm","2","","24","100.0000","42101","Carbon monoxide","41980","San Juan-Carolina-Caguas, PR","72","Puerto Rico","021","Bayamon","18.420089117091","-66.1506154959386"
"04/28/2021","AQS","720210010","1","0.2","ppm","2","","24","100.0000","42101","Carbon monoxide","41980","San Juan-Carolina-Caguas, PR","72","Puerto Rico","021","Bayamon","18.420089117091","-66.1506154959386"
"04/29/2021","AQS","720210010","1","0.2","ppm","2","","18","75.0000","42101","Carbon monoxide","41980","San Juan-Carolina-Caguas, PR","72","Puerto Rico","021","Bayamon","18.420089117091","-66.1506154959386"
"04/30/2021","AQS","720210010","1","0.1","ppm","1","","24","100.0000","42101","Carbon monoxide","41980","San Juan-Carolina-Caguas, PR","72","Puerto Rico","021","Bayamon","18.420089117091","-66.1506154959386"
"05/01/2021","AQS","720210010","1","0.1","ppm","1","","24","100.0000","42101","Carbon monoxide","41980","San Juan-Carolina-Caguas, PR","72","Puerto Rico","021","Bayamon","18.420089117091","-66.1506154959386"
"05/02/2021","AQS","720210010","1","0.1","ppm","1","","24","100.0000","42101","Carbon monoxide","41980","San Juan-Carolina-Caguas, PR","72","Puerto Rico","021","Bayamon","18.420089117091","-66.1506154959386"
"05/03/2021","AQS","720210010","1","0.1","ppm","1","","24","100.0000","42101","Carbon monoxide","41980","San Juan-Carolina-Caguas, PR","72","Puerto Rico","021","Bayamon","18.420089117091","-66.1506154959386"
"05/04/2021","AQS","720210010","1","0.1","ppm","1","","24","100.0000","42101","Carbon monoxide","41980","San Juan-Carolina-Caguas, PR","72","Puerto Rico","021","Bayamon","18.420089117091","-66.1506154959386"
"05/05/2021","AQS","720210010","1","0.1","ppm","1","","24","100.0000","42101","Carbon monoxide","41980","San Juan-Carolina-Caguas, PR","72","Puerto Rico","021","Bayamon","18.420089117091","-66.1506154959386"
"05/06/2021","AQS","720210010","1","0.8","ppm","9","","24","100.0000","42101","Carbon monoxide","41980","San Juan-Carolina-Caguas, PR","72","Puerto Rico","021","Bayamon","18.420089117091","-66.1506154959386"
"05/07/2021","AQS","720210010","1","0.1","ppm","1","","24","100.0000","42101","Carbon monoxide","41980","San Juan-Carolina-Caguas, PR","72","Puerto Rico","021","Bayamon","18.420089117091","-66.1506154959386"
"05/08/2021","AQS","720210010","1","0.1","ppm","1","","24","100.0000","42101","Carbon monoxide","41980","San Juan-Carolina-Caguas, PR","72","Puerto Rico","021","Bayamon","18.420089117091","-66.1506154959386"
"05/09/2021","AQS","720210010","1","0.1","ppm","1","","24","100.0000","42101","Carbon monoxide","41980","San Juan-Carolina-Caguas, PR","72","Puerto Rico","021","Bayamon","18.420089117091","-66.1506154959386"
"05/10/2021","AQS","720210010","1","0.1","ppm","1","","24","100.0000","42101","Carbon monoxide","41980","San Juan-Carolina-Caguas, PR","72","Puerto Rico","021","Bayamon","18.420089117091","-66.1506154959386"
"05/11/2021","AQS","720210010","1","0.1","ppm","1","","24","100.0000","42101","Carbon monoxide","41980","San Juan-Carolina-Caguas, PR","72","Puerto Rico","021","Bayamon","18.420089117091","-66.1506154959386"
"05/12/2021","AQS","720210010","1","0.1","ppm","1","","24","100.0000","42101","Carbon monoxide","41980","San Juan-Carolina-Caguas, PR","72","Puerto Rico","021","Bayamon","18.420089117091","-66.1506154959386"
"05/13/2021","AQS","720210010","1","0.1","ppm","1","","24","100.0000","42101","Carbon monoxide","41980","San Juan-Carolina-Caguas, PR","72","Puerto Rico","021","Bayamon","18.420089117091","-66.1506154959386"
"05/14/2021","AQS","720210010","1","0.1","ppm","1","","24","100.0000","42101","Carbon monoxide","41980","San Juan-Carolina-Caguas, PR","72","Puerto Rico","021","Bayamon","18.420089117091","-66.1506154959386"
"05/15/2021","AQS","720210010","1","0","ppm","0","","24","100.0000","42101","Carbon monoxide","41980","San Juan-Carolina-Caguas, PR","72","Puerto Rico","021","Bayamon","18.420089117091","-66.1506154959386"
"05/16/2021","AQS","720210010","1","0","ppm","0","","24","100.0000","42101","Carbon monoxide","41980","San Juan-Carolina-Caguas, PR","72","Puerto Rico","021","Bayamon","18.420089117091","-66.1506154959386"
"05/17/2021","AQS","720210010","1","0.1","ppm","1","","24","100.0000","42101","Carbon monoxide","41980","San Juan-Carolina-Caguas, PR","72","Puerto Rico","021","Bayamon","18.420089117091","-66.1506154959386"
"05/18/2021","AQS","720210010","1","0.1","ppm","1","","24","100.0000","42101","Carbon monoxide","41980","San Juan-Carolina-Caguas, PR","72","Puerto Rico","021","Bayamon","18.420089117091","-66.1506154959386"
"05/19/2021","AQS","720210010","1","0.1","ppm","1","","24","100.0000","42101","Carbon monoxide","41980","San Juan-Carolina-Caguas, PR","72","Puerto Rico","021","Bayamon","18.420089117091","-66.1506154959386"
"05/20/2021","AQS","720210010","1","0.1","ppm","1","","24","100.0000","42101","Carbon monoxide","41980","San Juan-Carolina-Caguas, PR","72","Puerto Rico","021","Bayamon","18.420089117091","-66.1506154959386"
"05/21/2021","AQS","720210010","1","0.2","ppm","2","","24","100.0000","42101","Carbon monoxide","41980","San Juan-Carolina-Caguas, PR","72","Puerto Rico","021","Bayamon","18.420089117091","-66.1506154959386"
"05/22/2021","AQS","720210010","1","0.2","ppm","2","","24","100.0000","42101","Carbon monoxide","41980","San Juan-Carolina-Caguas, PR","72","Puerto Rico","021","Bayamon","18.420089117091","-66.1506154959386"
"05/23/2021","AQS","720210010","1","0.2","ppm","2","","24","100.0000","42101","Carbon monoxide","41980","San Juan-Carolina-Caguas, PR","72","Puerto Rico","021","Bayamon","18.420089117091","-66.1506154959386"
"05/24/2021","AQS","720210010","1","0.3","ppm","3","","24","100.0000","42101","Carbon monoxide","41980","San Juan-Carolina-Caguas, PR","72","Puerto Rico","021","Bayamon","18.420089117091","-66.1506154959386"
"05/25/2021","AQS","720210010","1","0.2","ppm","2","","24","100.0000","42101","Carbon monoxide","41980","San Juan-Carolina-Caguas, PR","72","Puerto Rico","021","Bayamon","18.420089117091","-66.1506154959386"
"05/26/2021","AQS","720210010","1","0.1","ppm","1","","24","100.0000","42101","Carbon monoxide","41980","San Juan-Carolina-Caguas, PR","72","Puerto Rico","021","Bayamon","18.420089117091","-66.1506154959386"
"05/27/2021","AQS","720210010","1","0.1","ppm","1","","24","100.0000","42101","Carbon monoxide","41980","San Juan-Carolina-Caguas, PR","72","Puerto Rico","021","Bayamon","18.420089117091","-66.1506154959386"
"05/28/2021","AQS","720210010","1","0.1","ppm","1","","24","100.0000","42101","Carbon monoxide","41980","San Juan-Carolina-Caguas, PR","72","Puerto Rico","021","Bayamon","18.420089117091","-66.1506154959386"
"05/29/2021","AQS","720210010","1","0.1","ppm","1","","24","100.0000","42101","Carbon monoxide","41980","San Juan-Carolina-Caguas, PR","72","Puerto Rico","021","Bayamon","18.420089117091","-66.1506154959386"
"05/30/2021","AQS","720210010","1","0.1","ppm","1","","24","100.0000","42101","Carbon monoxide","41980","San Juan-Carolina-Caguas, PR","72","Puerto Rico","021","Bayamon","18.420089117091","-66.1506154959386"
"05/31/2021","AQS","720210010","1","0.1","ppm","1","","24","100.0000","42101","Carbon monoxide","41980","San Juan-Carolina-Caguas, PR","72","Puerto Rico","021","Bayamon","18.420089117091","-66.1506154959386"
"06/01/2021","AQS","720210010","1","0.1","ppm","1","","24","100.0000","42101","Carbon monoxide","41980","San Juan-Carolina-Caguas, PR","72","Puerto Rico","021","Bayamon","18.420089117091","-66.1506154959386"
"06/02/2021","AQS","720210010","1","0.1","ppm","1","","24","100.0000","42101","Carbon monoxide","41980","San Juan-Carolina-Caguas, PR","72","Puerto Rico","021","Bayamon","18.420089117091","-66.1506154959386"
"06/03/2021","AQS","720210010","1","0.1","ppm","1","","24","100.0000","42101","Carbon monoxide","41980","San Juan-Carolina-Caguas, PR","72","Puerto Rico","021","Bayamon","18.420089117091","-66.1506154959386"
"06/04/2021","AQS","720210010","1","0.1","ppm","1","","24","100.0000","42101","Carbon monoxide","41980","San Juan-Carolina-Caguas, PR","72","Puerto Rico","021","Bayamon","18.420089117091","-66.1506154959386"
"06/05/2021","AQS","720210010","1","0.1","ppm","1","","24","100.0000","42101","Carbon monoxide","41980","San Juan-Carolina-Caguas, PR","72","Puerto Rico","021","Bayamon","18.420089117091","-66.1506154959386"
"06/06/2021","AQS","720210010","1","0.2","ppm","2","","24","100.0000","42101","Carbon monoxide","41980","San Juan-Carolina-Caguas, PR","72","Puerto Rico","021","Bayamon","18.420089117091","-66.1506154959386"
"06/07/2021","AQS","720210010","1","0.2","ppm","2","","24","100.0000","42101","Carbon monoxide","41980","San Juan-Carolina-Caguas, PR","72","Puerto Rico","021","Bayamon","18.420089117091","-66.1506154959386"
"06/08/2021","AQS","720210010","1","0.2","ppm","2","","24","100.0000","42101","Carbon monoxide","41980","San Juan-Carolina-Caguas, PR","72","Puerto Rico","021","Bayamon","18.420089117091","-66.1506154959386"
"06/09/2021","AQS","720210010","1","0.4","ppm","5","","24","100.0000","42101","Carbon monoxide","41980","San Juan-Carolina-Caguas, PR","72","Puerto Rico","021","Bayamon","18.420089117091","-66.1506154959386"
"06/10/2021","AQS","720210010","1","0.3","ppm","3","","21","88.0000","42101","Carbon monoxide","41980","San Juan-Carolina-Caguas, PR","72","Puerto Rico","021","Bayamon","18.420089117091","-66.1506154959386"
"06/11/2021","AQS","720210010","1","1","ppm","11","","21","88.0000","42101","Carbon monoxide","41980","San Juan-Carolina-Caguas, PR","72","Puerto Rico","021","Bayamon","18.420089117091","-66.1506154959386"
"06/12/2021","AQS","720210010","1","0.5","ppm","6","","24","100.0000","42101","Carbon monoxide","41980","San Juan-Carolina-Caguas, PR","72","Puerto Rico","021","Bayamon","18.420089117091","-66.1506154959386"
"06/13/2021","AQS","720210010","1","0.5","ppm","6","","24","100.0000","42101","Carbon monoxide","41980","San Juan-Carolina-Caguas, PR","72","Puerto Rico","021","Bayamon","18.420089117091","-66.1506154959386"
"06/14/2021","AQS","720210010","1","0.5","ppm","6","","24","100.0000","42101","Carbon monoxide","41980","San Juan-Carolina-Caguas, PR","72","Puerto Rico","021","Bayamon","18.420089117091","-66.1506154959386"
"06/15/2021","AQS","720210010","1","0.5","ppm","6","","24","100.0000","42101","Carbon monoxide","41980","San Juan-Carolina-Caguas, PR","72","Puerto Rico","021","Bayamon","18.420089117091","-66.1506154959386"
"06/16/2021","AQS","720210010","1","0.5","ppm","6","","24","100.0000","42101","Carbon monoxide","41980","San Juan-Carolina-Caguas, PR","72","Puerto Rico","021","Bayamon","18.420089117091","-66.1506154959386"
"06/17/2021","AQS","720210010","1","0.4","ppm","5","","24","100.0000","42101","Carbon monoxide","41980","San Juan-Carolina-Caguas, PR","72","Puerto Rico","021","Bayamon","18.420089117091","-66.1506154959386"
"06/18/2021","AQS","720210010","1","0.4","ppm","5","","24","100.0000","42101","Carbon monoxide","41980","San Juan-Carolina-Caguas, PR","72","Puerto Rico","021","Bayamon","18.420089117091","-66.1506154959386"
"06/19/2021","AQS","720210010","1","0.3","ppm","3","","24","100.0000","42101","Carbon monoxide","41980","San Juan-Carolina-Caguas, PR","72","Puerto Rico","021","Bayamon","18.420089117091","-66.1506154959386"
"06/20/2021","AQS","720210010","1","0.3","ppm","3","","24","100.0000","42101","Carbon monoxide","41980","San Juan-Carolina-Caguas, PR","72","Puerto Rico","021","Bayamon","18.420089117091","-66.1506154959386"
"06/21/2021","AQS","720210010","1","0.3","ppm","3","","24","100.0000","42101","Carbon monoxide","41980","San Juan-Carolina-Caguas, PR","72","Puerto Rico","021","Bayamon","18.420089117091","-66.1506154959386"
"06/22/2021","AQS","720210010","1","0.3","ppm","3","","24","100.0000","42101","Carbon monoxide","41980","San Juan-Carolina-Caguas, PR","72","Puerto Rico","021","Bayamon","18.420089117091","-66.1506154959386"
"06/23/2021","AQS","720210010","1","0.2","ppm","2","","24","100.0000","42101","Carbon monoxide","41980","San Juan-Carolina-Caguas, PR","72","Puerto Rico","021","Bayamon","18.420089117091","-66.1506154959386"
"06/24/2021","AQS","720210010","1","0.2","ppm","2","","24","100.0000","42101","Carbon monoxide","41980","San Juan-Carolina-Caguas, PR","72","Puerto Rico","021","Bayamon","18.420089117091","-66.1506154959386"
"06/25/2021","AQS","720210010","1","0.2","ppm","2","","24","100.0000","42101","Carbon monoxide","41980","San Juan-Carolina-Caguas, PR","72","Puerto Rico","021","Bayamon","18.420089117091","-66.1506154959386"
"06/26/2021","AQS","720210010","1","0.2","ppm","2","","24","100.0000","42101","Carbon monoxide","41980","San Juan-Carolina-Caguas, PR","72","Puerto Rico","021","Bayamon","18.420089117091","-66.1506154959386"
"06/27/2021","AQS","720210010","1","0.3","ppm","3","","24","100.0000","42101","Carbon monoxide","41980","San Juan-Carolina-Caguas, PR","72","Puerto Rico","021","Bayamon","18.420089117091","-66.1506154959386"
"06/28/2021","AQS","720210010","1","0.3","ppm","3","","24","100.0000","42101","Carbon monoxide","41980","San Juan-Carolina-Caguas, PR","72","Puerto Rico","021","Bayamon","18.420089117091","-66.1506154959386"
"06/29/2021","AQS","720210010","1","0.3","ppm","3","","24","100.0000","42101","Carbon monoxide","41980","San Juan-Carolina-Caguas, PR","72","Puerto Rico","021","Bayamon","18.420089117091","-66.1506154959386"
"06/30/2021","AQS","720210010","1","0.2","ppm","2","","24","100.0000","42101","Carbon monoxide","41980","San Juan-Carolina-Caguas, PR","72","Puerto Rico","021","Bayamon","18.420089117091","-66.1506154959386"
"07/01/2021","AQS","720210010","1","0.4","ppm","5","","24","100.0000","42101","Carbon monoxide","41980","San Juan-Carolina-Caguas, PR","72","Puerto Rico","021","Bayamon","18.420089117091","-66.1506154959386"
"07/02/2021","AQS","720210010","1","0.2","ppm","2","","24","100.0000","42101","Carbon monoxide","41980","San Juan-Carolina-Caguas, PR","72","Puerto Rico","021","Bayamon","18.420089117091","-66.1506154959386"
"07/03/2021","AQS","720210010","1","0.3","ppm","3","","24","100.0000","42101","Carbon monoxide","41980","San Juan-Carolina-Caguas, PR","72","Puerto Rico","021","Bayamon","18.420089117091","-66.1506154959386"
"07/04/2021","AQS","720210010","1","0.1","ppm","1","","24","100.0000","42101","Carbon monoxide","41980","San Juan-Carolina-Caguas, PR","72","Puerto Rico","021","Bayamon","18.420089117091","-66.1506154959386"
"07/05/2021","AQS","720210010","1","0.3","ppm","3","","24","100.0000","42101","Carbon monoxide","41980","San Juan-Carolina-Caguas, PR","72","Puerto Rico","021","Bayamon","18.420089117091","-66.1506154959386"
"07/06/2021","AQS","720210010","1","0.3","ppm","3","","24","100.0000","42101","Carbon monoxide","41980","San Juan-Carolina-Caguas, PR","72","Puerto Rico","021","Bayamon","18.420089117091","-66.1506154959386"
"07/07/2021","AQS","720210010","1","0.2","ppm","2","","24","100.0000","42101","Carbon monoxide","41980","San Juan-Carolina-Caguas, PR","72","Puerto Rico","021","Bayamon","18.420089117091","-66.1506154959386"
"07/08/2021","AQS","720210010","1","0.2","ppm","2","","24","100.0000","42101","Carbon monoxide","41980","San Juan-Carolina-Caguas, PR","72","Puerto Rico","021","Bayamon","18.420089117091","-66.1506154959386"
"07/09/2021","AQS","720210010","1","0.3","ppm","3","","18","75.0000","42101","Carbon monoxide","41980","San Juan-Carolina-Caguas, PR","72","Puerto Rico","021","Bayamon","18.420089117091","-66.1506154959386"
"07/10/2021","AQS","720210010","1","0.3","ppm","3","","24","100.0000","42101","Carbon monoxide","41980","San Juan-Carolina-Caguas, PR","72","Puerto Rico","021","Bayamon","18.420089117091","-66.1506154959386"
"07/11/2021","AQS","720210010","1","0.5","ppm","6","","24","100.0000","42101","Carbon monoxide","41980","San Juan-Carolina-Caguas, PR","72","Puerto Rico","021","Bayamon","18.420089117091","-66.1506154959386"
"07/12/2021","AQS","720210010","1","0.5","ppm","6","","24","100.0000","42101","Carbon monoxide","41980","San Juan-Carolina-Caguas, PR","72","Puerto Rico","021","Bayamon","18.420089117091","-66.1506154959386"
"07/13/2021","AQS","720210010","1","0.5","ppm","6","","24","100.0000","42101","Carbon monoxide","41980","San Juan-Carolina-Caguas, PR","72","Puerto Rico","021","Bayamon","18.420089117091","-66.1506154959386"
"07/14/2021","AQS","720210010","1","0.4","ppm","5","","24","100.0000","42101","Carbon monoxide","41980","San Juan-Carolina-Caguas, PR","72","Puerto Rico","021","Bayamon","18.420089117091","-66.1506154959386"
"07/15/2021","AQS","720210010","1","0.3","ppm","3","","24","100.0000","42101","Carbon monoxide","41980","San Juan-Carolina-Caguas, PR","72","Puerto Rico","021","Bayamon","18.420089117091","-66.1506154959386"
"07/16/2021","AQS","720210010","1","0.3","ppm","3","","24","100.0000","42101","Carbon monoxide","41980","San Juan-Carolina-Caguas, PR","72","Puerto Rico","021","Bayamon","18.420089117091","-66.1506154959386"
"07/17/2021","AQS","720210010","1","0.5","ppm","6","","24","100.0000","42101","Carbon monoxide","41980","San Juan-Carolina-Caguas, PR","72","Puerto Rico","021","Bayamon","18.420089117091","-66.1506154959386"
"07/18/2021","AQS","720210010","1","0.5","ppm","6","","24","100.0000","42101","Carbon monoxide","41980","San Juan-Carolina-Caguas, PR","72","Puerto Rico","021","Bayamon","18.420089117091","-66.1506154959386"
"07/19/2021","AQS","720210010","1","0.4","ppm","5","","24","100.0000","42101","Carbon monoxide","41980","San Juan-Carolina-Caguas, PR","72","Puerto Rico","021","Bayamon","18.420089117091","-66.1506154959386"
"07/20/2021","AQS","720210010","1","0.4","ppm","5","","24","100.0000","42101","Carbon monoxide","41980","San Juan-Carolina-Caguas, PR","72","Puerto Rico","021","Bayamon","18.420089117091","-66.1506154959386"
"07/21/2021","AQS","720210010","1","0.5","ppm","6","","24","100.0000","42101","Carbon monoxide","41980","San Juan-Carolina-Caguas, PR","72","Puerto Rico","021","Bayamon","18.420089117091","-66.1506154959386"
"07/22/2021","AQS","720210010","1","0.4","ppm","5","","18","75.0000","42101","Carbon monoxide","41980","San Juan-Carolina-Caguas, PR","72","Puerto Rico","021","Bayamon","18.420089117091","-66.1506154959386"
"07/23/2021","AQS","720210010","1","0.4","ppm","5","","24","100.0000","42101","Carbon monoxide","41980","San Juan-Carolina-Caguas, PR","72","Puerto Rico","021","Bayamon","18.420089117091","-66.1506154959386"
"07/24/2021","AQS","720210010","1","0.4","ppm","5","","24","100.0000","42101","Carbon monoxide","41980","San Juan-Carolina-Caguas, PR","72","Puerto Rico","021","Bayamon","18.420089117091","-66.1506154959386"
"07/25/2021","AQS","720210010","1","0.5","ppm","6","","24","100.0000","42101","Carbon monoxide","41980","San Juan-Carolina-Caguas, PR","72","Puerto Rico","021","Bayamon","18.420089117091","-66.1506154959386"
"07/26/2021","AQS","720210010","1","0.5","ppm","6","","24","100.0000","42101","Carbon monoxide","41980","San Juan-Carolina-Caguas, PR","72","Puerto Rico","021","Bayamon","18.420089117091","-66.1506154959386"
"07/27/2021","AQS","720210010","1","0.5","ppm","6","","24","100.0000","42101","Carbon monoxide","41980","San Juan-Carolina-Caguas, PR","72","Puerto Rico","021","Bayamon","18.420089117091","-66.1506154959386"
"07/28/2021","AQS","720210010","1","0.5","ppm","6","","24","100.0000","42101","Carbon monoxide","41980","San Juan-Carolina-Caguas, PR","72","Puerto Rico","021","Bayamon","18.420089117091","-66.1506154959386"
"07/29/2021","AQS","720210010","1","0.5","ppm","6","","24","100.0000","42101","Carbon monoxide","41980","San Juan-Carolina-Caguas, PR","72","Puerto Rico","021","Bayamon","18.420089117091","-66.1506154959386"
"07/30/2021","AQS","720210010","1","0.5","ppm","6","","24","100.0000","42101","Carbon monoxide","41980","San Juan-Carolina-Caguas, PR","72","Puerto Rico","021","Bayamon","18.420089117091","-66.1506154959386"
"07/31/2021","AQS","720210010","1","0.5","ppm","6","","24","100.0000","42101","Carbon monoxide","41980","San Juan-Carolina-Caguas, PR","72","Puerto Rico","021","Bayamon","18.420089117091","-66.1506154959386"
"08/01/2021","AQS","720210010","1","0.5","ppm","6","","24","100.0000","42101","Carbon monoxide","41980","San Juan-Carolina-Caguas, PR","72","Puerto Rico","021","Bayamon","18.420089117091","-66.1506154959386"
"08/02/2021","AQS","720210010","1","0.5","ppm","6","","24","100.0000","42101","Carbon monoxide","41980","San Juan-Carolina-Caguas, PR","72","Puerto Rico","021","Bayamon","18.420089117091","-66.1506154959386"
"08/03/2021","AQS","720210010","1","0.5","ppm","6","","24","100.0000","42101","Carbon monoxide","41980","San Juan-Carolina-Caguas, PR","72","Puerto Rico","021","Bayamon","18.420089117091","-66.1506154959386"
"08/04/2021","AQS","720210010","1","0.5","ppm","6","","24","100.0000","42101","Carbon monoxide","41980","San Juan-Carolina-Caguas, PR","72","Puerto Rico","021","Bayamon","18.420089117091","-66.1506154959386"
"08/05/2021","AQS","720210010","1","0.5","ppm","6","","24","100.0000","42101","Carbon monoxide","41980","San Juan-Carolina-Caguas, PR","72","Puerto Rico","021","Bayamon","18.420089117091","-66.1506154959386"
"08/06/2021","AQS","720210010","1","0.5","ppm","6","","24","100.0000","42101","Carbon monoxide","41980","San Juan-Carolina-Caguas, PR","72","Puerto Rico","021","Bayamon","18.420089117091","-66.1506154959386"
"08/07/2021","AQS","720210010","1","0.5","ppm","6","","24","100.0000","42101","Carbon monoxide","41980","San Juan-Carolina-Caguas, PR","72","Puerto Rico","021","Bayamon","18.420089117091","-66.1506154959386"
"08/08/2021","AQS","720210010","1","0.5","ppm","6","","24","100.0000","42101","Carbon monoxide","41980","San Juan-Carolina-Caguas, PR","72","Puerto Rico","021","Bayamon","18.420089117091","-66.1506154959386"
"08/09/2021","AQS","720210010","1","0.5","ppm","6","","24","100.0000","42101","Carbon monoxide","41980","San Juan-Carolina-Caguas, PR","72","Puerto Rico","021","Bayamon","18.420089117091","-66.1506154959386"
"08/10/2021","AQS","720210010","1","0.5","ppm","6","","24","100.0000","42101","Carbon monoxide","41980","San Juan-Carolina-Caguas, PR","72","Puerto Rico","021","Bayamon","18.420089117091","-66.1506154959386"
"08/11/2021","AQS","720210010","1","0.5","ppm","6","","24","100.0000","42101","Carbon monoxide","41980","San Juan-Carolina-Caguas, PR","72","Puerto Rico","021","Bayamon","18.420089117091","-66.1506154959386"
"08/12/2021","AQS","720210010","1","0.3","ppm","3","","24","100.0000","42101","Carbon monoxide","41980","San Juan-Carolina-Caguas, PR","72","Puerto Rico","021","Bayamon","18.420089117091","-66.1506154959386"
"08/13/2021","AQS","720210010","1","0.1","ppm","1","","24","100.0000","42101","Carbon monoxide","41980","San Juan-Carolina-Caguas, PR","72","Puerto Rico","021","Bayamon","18.420089117091","-66.1506154959386"
"08/14/2021","AQS","720210010","1","0.3","ppm","3","","24","100.0000","42101","Carbon monoxide","41980","San Juan-Carolina-Caguas, PR","72","Puerto Rico","021","Bayamon","18.420089117091","-66.1506154959386"
"08/15/2021","AQS","720210010","1","0.5","ppm","6","","24","100.0000","42101","Carbon monoxide","41980","San Juan-Carolina-Caguas, PR","72","Puerto Rico","021","Bayamon","18.420089117091","-66.1506154959386"
"08/16/2021","AQS","720210010","1","0.3","ppm","3","","24","100.0000","42101","Carbon monoxide","41980","San Juan-Carolina-Caguas, PR","72","Puerto Rico","021","Bayamon","18.420089117091","-66.1506154959386"
"08/17/2021","AQS","720210010","1","0.4","ppm","5","","24","100.0000","42101","Carbon monoxide","41980","San Juan-Carolina-Caguas, PR","72","Puerto Rico","021","Bayamon","18.420089117091","-66.1506154959386"
"08/18/2021","AQS","720210010","1","0.1","ppm","1","","14","58.0000","42101","Carbon monoxide","41980","San Juan-Carolina-Caguas, PR","72","Puerto Rico","021","Bayamon","18.420089117091","-66.1506154959386"
"08/19/2021","AQS","720210010","1","0.4","ppm","5","","24","100.0000","42101","Carbon monoxide","41980","San Juan-Carolina-Caguas, PR","72","Puerto Rico","021","Bayamon","18.420089117091","-66.1506154959386"
"08/20/2021","AQS","720210010","1","0.5","ppm","6","","24","100.0000","42101","Carbon monoxide","41980","San Juan-Carolina-Caguas, PR","72","Puerto Rico","021","Bayamon","18.420089117091","-66.1506154959386"
"08/21/2021","AQS","720210010","1","0.5","ppm","6","","24","100.0000","42101","Carbon monoxide","41980","San Juan-Carolina-Caguas, PR","72","Puerto Rico","021","Bayamon","18.420089117091","-66.1506154959386"
"08/22/2021","AQS","720210010","1","0.5","ppm","6","","24","100.0000","42101","Carbon monoxide","41980","San Juan-Carolina-Caguas, PR","72","Puerto Rico","021","Bayamon","18.420089117091","-66.1506154959386"
"08/23/2021","AQS","720210010","1","0.5","ppm","6","","24","100.0000","42101","Carbon monoxide","41980","San Juan-Carolina-Caguas, PR","72","Puerto Rico","021","Bayamon","18.420089117091","-66.1506154959386"
"08/24/2021","AQS","720210010","1","0.5","ppm","6","","24","100.0000","42101","Carbon monoxide","41980","San Juan-Carolina-Caguas, PR","72","Puerto Rico","021","Bayamon","18.420089117091","-66.1506154959386"
"08/25/2021","AQS","720210010","1","0.5","ppm","6","","24","100.0000","42101","Carbon monoxide","41980","San Juan-Carolina-Caguas, PR","72","Puerto Rico","021","Bayamon","18.420089117091","-66.1506154959386"
"08/26/2021","AQS","720210010","1","0.5","ppm","6","","24","100.0000","42101","Carbon monoxide","41980","San Juan-Carolina-Caguas, PR","72","Puerto Rico","021","Bayamon","18.420089117091","-66.1506154959386"
"08/27/2021","AQS","720210010","1","0.5","ppm","6","","24","100.0000","42101","Carbon monoxide","41980","San Juan-Carolina-Caguas, PR","72","Puerto Rico","021","Bayamon","18.420089117091","-66.1506154959386"
"08/28/2021","AQS","720210010","1","0.5","ppm","6","","24","100.0000","42101","Carbon monoxide","41980","San Juan-Carolina-Caguas, PR","72","Puerto Rico","021","Bayamon","18.420089117091","-66.1506154959386"
"08/29/2021","AQS","720210010","1","0.5","ppm","6","","24","100.0000","42101","Carbon monoxide","41980","San Juan-Carolina-Caguas, PR","72","Puerto Rico","021","Bayamon","18.420089117091","-66.1506154959386"
"08/30/2021","AQS","720210010","1","0.5","ppm","6","","24","100.0000","42101","Carbon monoxide","41980","San Juan-Carolina-Caguas, PR","72","Puerto Rico","021","Bayamon","18.420089117091","-66.1506154959386"
"08/31/2021","AQS","720210010","1","0.5","ppm","6","","24","100.0000","42101","Carbon monoxide","41980","San Juan-Carolina-Caguas, PR","72","Puerto Rico","021","Bayamon","18.420089117091","-66.1506154959386"
"09/01/2021","AQS","720210010","1","0.2","ppm","2","","24","100.0000","42101","Carbon monoxide","41980","San Juan-Carolina-Caguas, PR","72","Puerto Rico","021","Bayamon","18.420089117091","-66.1506154959386"
"09/02/2021","AQS","720210010","1","0.3","ppm","3","","24","100.0000","42101","Carbon monoxide","41980","San Juan-Carolina-Caguas, PR","72","Puerto Rico","021","Bayamon","18.420089117091","-66.1506154959386"
"09/03/2021","AQS","720210010","1","0.3","ppm","3","","24","100.0000","42101","Carbon monoxide","41980","San Juan-Carolina-Caguas, PR","72","Puerto Rico","021","Bayamon","18.420089117091","-66.1506154959386"
"09/04/2021","AQS","720210010","1","0.1","ppm","1","","24","100.0000","42101","Carbon monoxide","41980","San Juan-Carolina-Caguas, PR","72","Puerto Rico","021","Bayamon","18.420089117091","-66.1506154959386"
"09/05/2021","AQS","720210010","1","0.1","ppm","1","","24","100.0000","42101","Carbon monoxide","41980","San Juan-Carolina-Caguas, PR","72","Puerto Rico","021","Bayamon","18.420089117091","-66.1506154959386"
"09/06/2021","AQS","720210010","1","0.1","ppm","1","","24","100.0000","42101","Carbon monoxide","41980","San Juan-Carolina-Caguas, PR","72","Puerto Rico","021","Bayamon","18.420089117091","-66.1506154959386"
"09/07/2021","AQS","720210010","1","0.1","ppm","1","","24","100.0000","42101","Carbon monoxide","41980","San Juan-Carolina-Caguas, PR","72","Puerto Rico","021","Bayamon","18.420089117091","-66.1506154959386"
"09/08/2021","AQS","720210010","1","0.2","ppm","2","","24","100.0000","42101","Carbon monoxide","41980","San Juan-Carolina-Caguas, PR","72","Puerto Rico","021","Bayamon","18.420089117091","-66.1506154959386"
"09/09/2021","AQS","720210010","1","0.5","ppm","6","","18","75.0000","42101","Carbon monoxide","41980","San Juan-Carolina-Caguas, PR","72","Puerto Rico","021","Bayamon","18.420089117091","-66.1506154959386"
"09/10/2021","AQS","720210010","1","0.6","ppm","7","","24","100.0000","42101","Carbon monoxide","41980","San Juan-Carolina-Caguas, PR","72","Puerto Rico","021","Bayamon","18.420089117091","-66.1506154959386"
"09/11/2021","AQS","720210010","1","0.3","ppm","3","","24","100.0000","42101","Carbon monoxide","41980","San Juan-Carolina-Caguas, PR","72","Puerto Rico","021","Bayamon","18.420089117091","-66.1506154959386"
"09/12/2021","AQS","720210010","1","0.3","ppm","3","","24","100.0000","42101","Carbon monoxide","41980","San Juan-Carolina-Caguas, PR","72","Puerto Rico","021","Bayamon","18.420089117091","-66.1506154959386"
"09/13/2021","AQS","720210010","1","0.3","ppm","3","","24","100.0000","42101","Carbon monoxide","41980","San Juan-Carolina-Caguas, PR","72","Puerto Rico","021","Bayamon","18.420089117091","-66.1506154959386"
"09/14/2021","AQS","720210010","1","0.4","ppm","5","","24","100.0000","42101","Carbon monoxide","41980","San Juan-Carolina-Caguas, PR","72","Puerto Rico","021","Bayamon","18.420089117091","-66.1506154959386"
"09/15/2021","AQS","720210010","1","0.3","ppm","3","","24","100.0000","42101","Carbon monoxide","41980","San Juan-Carolina-Caguas, PR","72","Puerto Rico","021","Bayamon","18.420089117091","-66.1506154959386"
"09/16/2021","AQS","720210010","1","0.4","ppm","5","","24","100.0000","42101","Carbon monoxide","41980","San Juan-Carolina-Caguas, PR","72","Puerto Rico","021","Bayamon","18.420089117091","-66.1506154959386"
"09/17/2021","AQS","720210010","1","0.2","ppm","2","","24","100.0000","42101","Carbon monoxide","41980","San Juan-Carolina-Caguas, PR","72","Puerto Rico","021","Bayamon","18.420089117091","-66.1506154959386"
"09/18/2021","AQS","720210010","1","0.2","ppm","2","","24","100.0000","42101","Carbon monoxide","41980","San Juan-Carolina-Caguas, PR","72","Puerto Rico","021","Bayamon","18.420089117091","-66.1506154959386"
"09/19/2021","AQS","720210010","1","0.2","ppm","2","","24","100.0000","42101","Carbon monoxide","41980","San Juan-Carolina-Caguas, PR","72","Puerto Rico","021","Bayamon","18.420089117091","-66.1506154959386"
"09/20/2021","AQS","720210010","1","0.2","ppm","2","","24","100.0000","42101","Carbon monoxide","41980","San Juan-Carolina-Caguas, PR","72","Puerto Rico","021","Bayamon","18.420089117091","-66.1506154959386"
"09/21/2021","AQS","720210010","1","0.2","ppm","2","","24","100.0000","42101","Carbon monoxide","41980","San Juan-Carolina-Caguas, PR","72","Puerto Rico","021","Bayamon","18.420089117091","-66.1506154959386"
"09/22/2021","AQS","720210010","1","0.2","ppm","2","","24","100.0000","42101","Carbon monoxide","41980","San Juan-Carolina-Caguas, PR","72","Puerto Rico","021","Bayamon","18.420089117091","-66.1506154959386"
"09/23/2021","AQS","720210010","1","0.2","ppm","2","","24","100.0000","42101","Carbon monoxide","41980","San Juan-Carolina-Caguas, PR","72","Puerto Rico","021","Bayamon","18.420089117091","-66.1506154959386"
"09/24/2021","AQS","720210010","1","0.2","ppm","2","","24","100.0000","42101","Carbon monoxide","41980","San Juan-Carolina-Caguas, PR","72","Puerto Rico","021","Bayamon","18.420089117091","-66.1506154959386"
"09/25/2021","AQS","720210010","1","0.2","ppm","2","","24","100.0000","42101","Carbon monoxide","41980","San Juan-Carolina-Caguas, PR","72","Puerto Rico","021","Bayamon","18.420089117091","-66.1506154959386"
"09/26/2021","AQS","720210010","1","0.2","ppm","2","","24","100.0000","42101","Carbon monoxide","41980","San Juan-Carolina-Caguas, PR","72","Puerto Rico","021","Bayamon","18.420089117091","-66.1506154959386"
"09/27/2021","AQS","720210010","1","0.4","ppm","5","","24","100.0000","42101","Carbon monoxide","41980","San Juan-Carolina-Caguas, PR","72","Puerto Rico","021","Bayamon","18.420089117091","-66.1506154959386"
"09/28/2021","AQS","720210010","1","0.5","ppm","6","","24","100.0000","42101","Carbon monoxide","41980","San Juan-Carolina-Caguas, PR","72","Puerto Rico","021","Bayamon","18.420089117091","-66.1506154959386"
"09/29/2021","AQS","720210010","1","0.5","ppm","6","","24","100.0000","42101","Carbon monoxide","41980","San Juan-Carolina-Caguas, PR","72","Puerto Rico","021","Bayamon","18.420089117091","-66.1506154959386"
"09/30/2021","AQS","720210010","1","0.5","ppm","6","","24","100.0000","42101","Carbon monoxide","41980","San Juan-Carolina-Caguas, PR","72","Puerto Rico","021","Bayamon","18.420089117091","-66.1506154959386"
"01/01/2021","AQS","720250007","1","0.7","ppm","8","","19","79.0000","42101","Carbon monoxide","41980","San Juan-Carolina-Caguas, PR","72","Puerto Rico","025","Caguas","18.198712055868","-66.0522374571092"
"01/02/2021","AQS","720250007","1","0.8","ppm","9","","24","100.0000","42101","Carbon monoxide","41980","San Juan-Carolina-Caguas, PR","72","Puerto Rico","025","Caguas","18.198712055868","-66.0522374571092"
"01/03/2021","AQS","720250007","1","0.8","ppm","9","","24","100.0000","42101","Carbon monoxide","41980","San Juan-Carolina-Caguas, PR","72","Puerto Rico","025","Caguas","18.198712055868","-66.0522374571092"
"01/04/2021","AQS","720250007","1","0.9","ppm","10","","13","54.0000","42101","Carbon monoxide","41980","San Juan-Carolina-Caguas, PR","72","Puerto Rico","025","Caguas","18.198712055868","-66.0522374571092"
"01/05/2021","AQS","720250007","1","0.9","ppm","10","","24","100.0000","42101","Carbon monoxide","41980","San Juan-Carolina-Caguas, PR","72","Puerto Rico","025","Caguas","18.198712055868","-66.0522374571092"
"01/06/2021","AQS","720250007","1","0.9","ppm","10","","24","100.0000","42101","Carbon monoxide","41980","San Juan-Carolina-Caguas, PR","72","Puerto Rico","025","Caguas","18.198712055868","-66.0522374571092"
"01/07/2021","AQS","720250007","1","0.8","ppm","9","","24","100.0000","42101","Carbon monoxide","41980","San Juan-Carolina-Caguas, PR","72","Puerto Rico","025","Caguas","18.198712055868","-66.0522374571092"
"01/08/2021","AQS","720250007","1","0.9","ppm","10","","24","100.0000","42101","Carbon monoxide","41980","San Juan-Carolina-Caguas, PR","72","Puerto Rico","025","Caguas","18.198712055868","-66.0522374571092"
"01/09/2021","AQS","720250007","1","0.9","ppm","10","","24","100.0000","42101","Carbon monoxide","41980","San Juan-Carolina-Caguas, PR","72","Puerto Rico","025","Caguas","18.198712055868","-66.0522374571092"
"01/10/2021","AQS","720250007","1","0.9","ppm","10","","24","100.0000","42101","Carbon monoxide","41980","San Juan-Carolina-Caguas, PR","72","Puerto Rico","025","Caguas","18.198712055868","-66.0522374571092"
"01/11/2021","AQS","720250007","1","1.1","ppm","13","","24","100.0000","42101","Carbon monoxide","41980","San Juan-Carolina-Caguas, PR","72","Puerto Rico","025","Caguas","18.198712055868","-66.0522374571092"
"01/12/2021","AQS","720250007","1","0.9","ppm","10","","24","100.0000","42101","Carbon monoxide","41980","San Juan-Carolina-Caguas, PR","72","Puerto Rico","025","Caguas","18.198712055868","-66.0522374571092"
"01/13/2021","AQS","720250007","1","1","ppm","11","","24","100.0000","42101","Carbon monoxide","41980","San Juan-Carolina-Caguas, PR","72","Puerto Rico","025","Caguas","18.198712055868","-66.0522374571092"
"01/14/2021","AQS","720250007","1","0.8","ppm","9","","24","100.0000","42101","Carbon monoxide","41980","San Juan-Carolina-Caguas, PR","72","Puerto Rico","025","Caguas","18.198712055868","-66.0522374571092"
"01/15/2021","AQS","720250007","1","0.9","ppm","10","","24","100.0000","42101","Carbon monoxide","41980","San Juan-Carolina-Caguas, PR","72","Puerto Rico","025","Caguas","18.198712055868","-66.0522374571092"
"01/16/2021","AQS","720250007","1","0.9","ppm","10","","24","100.0000","42101","Carbon monoxide","41980","San Juan-Carolina-Caguas, PR","72","Puerto Rico","025","Caguas","18.198712055868","-66.0522374571092"
"01/17/2021","AQS","720250007","1","0.9","ppm","10","","24","100.0000","42101","Carbon monoxide","41980","San Juan-Carolina-Caguas, PR","72","Puerto Rico","025","Caguas","18.198712055868","-66.0522374571092"
"01/18/2021","AQS","720250007","1","0.8","ppm","9","","24","100.0000","42101","Carbon monoxide","41980","San Juan-Carolina-Caguas, PR","72","Puerto Rico","025","Caguas","18.198712055868","-66.0522374571092"
"01/19/2021","AQS","720250007","1","0.9","ppm","10","","24","100.0000","42101","Carbon monoxide","41980","San Juan-Carolina-Caguas, PR","72","Puerto Rico","025","Caguas","18.198712055868","-66.0522374571092"
"01/20/2021","AQS","720250007","1","0.8","ppm","9","","24","100.0000","42101","Carbon monoxide","41980","San Juan-Carolina-Caguas, PR","72","Puerto Rico","025","Caguas","18.198712055868","-66.0522374571092"
"01/21/2021","AQS","720250007","1","0.9","ppm","10","","24","100.0000","42101","Carbon monoxide","41980","San Juan-Carolina-Caguas, PR","72","Puerto Rico","025","Caguas","18.198712055868","-66.0522374571092"
"01/22/2021","AQS","720250007","1","1","ppm","11","","24","100.0000","42101","Carbon monoxide","41980","San Juan-Carolina-Caguas, PR","72","Puerto Rico","025","Caguas","18.198712055868","-66.0522374571092"
"01/23/2021","AQS","720250007","1","0.9","ppm","10","","24","100.0000","42101","Carbon monoxide","41980","San Juan-Carolina-Caguas, PR","72","Puerto Rico","025","Caguas","18.198712055868","-66.0522374571092"
"01/24/2021","AQS","720250007","1","0.8","ppm","9","","24","100.0000","42101","Carbon monoxide","41980","San Juan-Carolina-Caguas, PR","72","Puerto Rico","025","Caguas","18.198712055868","-66.0522374571092"
"01/25/2021","AQS","720250007","1","0.8","ppm","9","","24","100.0000","42101","Carbon monoxide","41980","San Juan-Carolina-Caguas, PR","72","Puerto Rico","025","Caguas","18.198712055868","-66.0522374571092"
"01/26/2021","AQS","720250007","1","0.9","ppm","10","","24","100.0000","42101","Carbon monoxide","41980","San Juan-Carolina-Caguas, PR","72","Puerto Rico","025","Caguas","18.198712055868","-66.0522374571092"
"01/27/2021","AQS","720250007","1","0.8","ppm","9","","24","100.0000","42101","Carbon monoxide","41980","San Juan-Carolina-Caguas, PR","72","Puerto Rico","025","Caguas","18.198712055868","-66.0522374571092"
"01/28/2021","AQS","720250007","1","0.4","ppm","5","","24","100.0000","42101","Carbon monoxide","41980","San Juan-Carolina-Caguas, PR","72","Puerto Rico","025","Caguas","18.198712055868","-66.0522374571092"
"01/29/2021","AQS","720250007","1","0.3","ppm","3","","24","100.0000","42101","Carbon monoxide","41980","San Juan-Carolina-Caguas, PR","72","Puerto Rico","025","Caguas","18.198712055868","-66.0522374571092"
"01/30/2021","AQS","720250007","1","0.3","ppm","3","","24","100.0000","42101","Carbon monoxide","41980","San Juan-Carolina-Caguas, PR","72","Puerto Rico","025","Caguas","18.198712055868","-66.0522374571092"
"01/31/2021","AQS","720250007","1","0.3","ppm","3","","24","100.0000","42101","Carbon monoxide","41980","San Juan-Carolina-Caguas, PR","72","Puerto Rico","025","Caguas","18.198712055868","-66.0522374571092"
"02/01/2021","AQS","720250007","1","0.3","ppm","3","","24","100.0000","42101","Carbon monoxide","41980","San Juan-Carolina-Caguas, PR","72","Puerto Rico","025","Caguas","18.198712055868","-66.0522374571092"
"02/02/2021","AQS","720250007","1","0.3","ppm","3","","24","100.0000","42101","Carbon monoxide","41980","San Juan-Carolina-Caguas, PR","72","Puerto Rico","025","Caguas","18.198712055868","-66.0522374571092"
"02/03/2021","AQS","720250007","1","0.3","ppm","3","","24","100.0000","42101","Carbon monoxide","41980","San Juan-Carolina-Caguas, PR","72","Puerto Rico","025","Caguas","18.198712055868","-66.0522374571092"
"02/04/2021","AQS","720250007","1","0.3","ppm","3","","24","100.0000","42101","Carbon monoxide","41980","San Juan-Carolina-Caguas, PR","72","Puerto Rico","025","Caguas","18.198712055868","-66.0522374571092"
"02/05/2021","AQS","720250007","1","0.3","ppm","3","","24","100.0000","42101","Carbon monoxide","41980","San Juan-Carolina-Caguas, PR","72","Puerto Rico","025","Caguas","18.198712055868","-66.0522374571092"
"02/06/2021","AQS","720250007","1","0.3","ppm","3","","24","100.0000","42101","Carbon monoxide","41980","San Juan-Carolina-Caguas, PR","72","Puerto Rico","025","Caguas","18.198712055868","-66.0522374571092"
"02/07/2021","AQS","720250007","1","0.3","ppm","3","","24","100.0000","42101","Carbon monoxide","41980","San Juan-Carolina-Caguas, PR","72","Puerto Rico","025","Caguas","18.198712055868","-66.0522374571092"
"02/08/2021","AQS","720250007","1","0.3","ppm","3","","24","100.0000","42101","Carbon monoxide","41980","San Juan-Carolina-Caguas, PR","72","Puerto Rico","025","Caguas","18.198712055868","-66.0522374571092"
"02/09/2021","AQS","720250007","1","0.3","ppm","3","","24","100.0000","42101","Carbon monoxide","41980","San Juan-Carolina-Caguas, PR","72","Puerto Rico","025","Caguas","18.198712055868","-66.0522374571092"
"02/10/2021","AQS","720250007","1","1","ppm","11","","24","100.0000","42101","Carbon monoxide","41980","San Juan-Carolina-Caguas, PR","72","Puerto Rico","025","Caguas","18.198712055868","-66.0522374571092"
"02/11/2021","AQS","720250007","1","1","ppm","11","","24","100.0000","42101","Carbon monoxide","41980","San Juan-Carolina-Caguas, PR","72","Puerto Rico","025","Caguas","18.198712055868","-66.0522374571092"
"02/12/2021","AQS","720250007","1","1","ppm","11","","24","100.0000","42101","Carbon monoxide","41980","San Juan-Carolina-Caguas, PR","72","Puerto Rico","025","Caguas","18.198712055868","-66.0522374571092"
"02/13/2021","AQS","720250007","1","1","ppm","11","","24","100.0000","42101","Carbon monoxide","41980","San Juan-Carolina-Caguas, PR","72","Puerto Rico","025","Caguas","18.198712055868","-66.0522374571092"
"02/14/2021","AQS","720250007","1","1","ppm","11","","24","100.0000","42101","Carbon monoxide","41980","San Juan-Carolina-Caguas, PR","72","Puerto Rico","025","Caguas","18.198712055868","-66.0522374571092"
"02/15/2021","AQS","720250007","1","0.8","ppm","9","","24","100.0000","42101","Carbon monoxide","41980","San Juan-Carolina-Caguas, PR","72","Puerto Rico","025","Caguas","18.198712055868","-66.0522374571092"
"02/16/2021","AQS","720250007","1","0.9","ppm","10","","24","100.0000","42101","Carbon monoxide","41980","San Juan-Carolina-Caguas, PR","72","Puerto Rico","025","Caguas","18.198712055868","-66.0522374571092"
"02/17/2021","AQS","720250007","1","0.9","ppm","10","","24","100.0000","42101","Carbon monoxide","41980","San Juan-Carolina-Caguas, PR","72","Puerto Rico","025","Caguas","18.198712055868","-66.0522374571092"
"02/18/2021","AQS","720250007","1","0.9","ppm","10","","24","100.0000","42101","Carbon monoxide","41980","San Juan-Carolina-Caguas, PR","72","Puerto Rico","025","Caguas","18.198712055868","-66.0522374571092"
"02/19/2021","AQS","720250007","1","0.9","ppm","10","","24","100.0000","42101","Carbon monoxide","41980","San Juan-Carolina-Caguas, PR","72","Puerto Rico","025","Caguas","18.198712055868","-66.0522374571092"
"02/20/2021","AQS","720250007","1","0.9","ppm","10","","24","100.0000","42101","Carbon monoxide","41980","San Juan-Carolina-Caguas, PR","72","Puerto Rico","025","Caguas","18.198712055868","-66.0522374571092"
"02/21/2021","AQS","720250007","1","0.9","ppm","10","","24","100.0000","42101","Carbon monoxide","41980","San Juan-Carolina-Caguas, PR","72","Puerto Rico","025","Caguas","18.198712055868","-66.0522374571092"
"02/22/2021","AQS","720250007","1","0.8","ppm","9","","24","100.0000","42101","Carbon monoxide","41980","San Juan-Carolina-Caguas, PR","72","Puerto Rico","025","Caguas","18.198712055868","-66.0522374571092"
"02/23/2021","AQS","720250007","1","0.7","ppm","8","","24","100.0000","42101","Carbon monoxide","41980","San Juan-Carolina-Caguas, PR","72","Puerto Rico","025","Caguas","18.198712055868","-66.0522374571092"
"02/24/2021","AQS","720250007","1","0.8","ppm","9","","24","100.0000","42101","Carbon monoxide","41980","San Juan-Carolina-Caguas, PR","72","Puerto Rico","025","Caguas","18.198712055868","-66.0522374571092"
"02/25/2021","AQS","720250007","1","0.8","ppm","9","","24","100.0000","42101","Carbon monoxide","41980","San Juan-Carolina-Caguas, PR","72","Puerto Rico","025","Caguas","18.198712055868","-66.0522374571092"
"02/26/2021","AQS","720250007","1","0.8","ppm","9","","2","8.0000","42101","Carbon monoxide","41980","San Juan-Carolina-Caguas, PR","72","Puerto Rico","025","Caguas","18.198712055868","-66.0522374571092"
"09/11/2021","AQS","720250007","1","1.5","ppm","17","","24","100.0000","42101","Carbon monoxide","41980","San Juan-Carolina-Caguas, PR","72","Puerto Rico","025","Caguas","18.198712055868","-66.0522374571092"
"09/12/2021","AQS","720250007","1","1.2","ppm","14","","24","100.0000","42101","Carbon monoxide","41980","San Juan-Carolina-Caguas, PR","72","Puerto Rico","025","Caguas","18.198712055868","-66.0522374571092"
"09/13/2021","AQS","720250007","1","1.2","ppm","14","","24","100.0000","42101","Carbon monoxide","41980","San Juan-Carolina-Caguas, PR","72","Puerto Rico","025","Caguas","18.198712055868","-66.0522374571092"
"09/14/2021","AQS","720250007","1","1.4","ppm","16","","24","100.0000","42101","Carbon monoxide","41980","San Juan-Carolina-Caguas, PR","72","Puerto Rico","025","Caguas","18.198712055868","-66.0522374571092"
"09/15/2021","AQS","720250007","1","1.4","ppm","16","","24","100.0000","42101","Carbon monoxide","41980","San Juan-Carolina-Caguas, PR","72","Puerto Rico","025","Caguas","18.198712055868","-66.0522374571092"
"09/16/2021","AQS","720250007","1","1.4","ppm","16","","24","100.0000","42101","Carbon monoxide","41980","San Juan-Carolina-Caguas, PR","72","Puerto Rico","025","Caguas","18.198712055868","-66.0522374571092"
"09/17/2021","AQS","720250007","1","1.4","ppm","16","","24","100.0000","42101","Carbon monoxide","41980","San Juan-Carolina-Caguas, PR","72","Puerto Rico","025","Caguas","18.198712055868","-66.0522374571092"
"09/18/2021","AQS","720250007","1","1.3","ppm","15","","24","100.0000","42101","Carbon monoxide","41980","San Juan-Carolina-Caguas, PR","72","Puerto Rico","025","Caguas","18.198712055868","-66.0522374571092"
"09/19/2021","AQS","720250007","1","1.3","ppm","15","","24","100.0000","42101","Carbon monoxide","41980","San Juan-Carolina-Caguas, PR","72","Puerto Rico","025","Caguas","18.198712055868","-66.0522374571092"
"09/20/2021","AQS","720250007","1","1.3","ppm","15","","24","100.0000","42101","Carbon monoxide","41980","San Juan-Carolina-Caguas, PR","72","Puerto Rico","025","Caguas","18.198712055868","-66.0522374571092"
"09/21/2021","AQS","720250007","1","1.2","ppm","14","","24","100.0000","42101","Carbon monoxide","41980","San Juan-Carolina-Caguas, PR","72","Puerto Rico","025","Caguas","18.198712055868","-66.0522374571092"
"09/22/2021","AQS","720250007","1","1.1","ppm","13","","24","100.0000","42101","Carbon monoxide","41980","San Juan-Carolina-Caguas, PR","72","Puerto Rico","025","Caguas","18.198712055868","-66.0522374571092"
"09/23/2021","AQS","720250007","1","1.2","ppm","14","","24","100.0000","42101","Carbon monoxide","41980","San Juan-Carolina-Caguas, PR","72","Puerto Rico","025","Caguas","18.198712055868","-66.0522374571092"
"09/24/2021","AQS","720250007","1","1.3","ppm","15","","24","100.0000","42101","Carbon monoxide","41980","San Juan-Carolina-Caguas, PR","72","Puerto Rico","025","Caguas","18.198712055868","-66.0522374571092"
"09/25/2021","AQS","720250007","1","1.4","ppm","16","","24","100.0000","42101","Carbon monoxide","41980","San Juan-Carolina-Caguas, PR","72","Puerto Rico","025","Caguas","18.198712055868","-66.0522374571092"
"09/26/2021","AQS","720250007","1","1.4","ppm","16","","24","100.0000","42101","Carbon monoxide","41980","San Juan-Carolina-Caguas, PR","72","Puerto Rico","025","Caguas","18.198712055868","-66.0522374571092"
"09/27/2021","AQS","720250007","1","1.4","ppm","16","","24","100.0000","42101","Carbon monoxide","41980","San Juan-Carolina-Caguas, PR","72","Puerto Rico","025","Caguas","18.198712055868","-66.0522374571092"
"09/28/2021","AQS","720250007","1","1.4","ppm","16","","24","100.0000","42101","Carbon monoxide","41980","San Juan-Carolina-Caguas, PR","72","Puerto Rico","025","Caguas","18.198712055868","-66.0522374571092"
"09/29/2021","AQS","720250007","1","1.6","ppm","18","","24","100.0000","42101","Carbon monoxide","41980","San Juan-Carolina-Caguas, PR","72","Puerto Rico","025","Caguas","18.198712055868","-66.0522374571092"
"09/30/2021","AQS","720250007","1","1.6","ppm","18","","24","100.0000","42101","Carbon monoxide","41980","San Juan-Carolina-Caguas, PR","72","Puerto Rico","025","Caguas","18.198712055868","-66.0522374571092"
"10/01/2021","AQS","720250007","1","1.5","ppm","17","","2","8.0000","42101","Carbon monoxide","41980","San Juan-Carolina-Caguas, PR","72","Puerto Rico","025","Caguas","18.198712055868","-66.0522374571092"
"01/01/2021","AQS","721130004","1","0.5","ppm","6","RESIDENTIAL AREA","19","79.0000","42101","Carbon monoxide","38660","Ponce, PR","72","Puerto Rico","113","Ponce","18.0095583121712","-66.6272491577955"
"01/02/2021","AQS","721130004","1","0.5","ppm","6","RESIDENTIAL AREA","24","100.0000","42101","Carbon monoxide","38660","Ponce, PR","72","Puerto Rico","113","Ponce","18.0095583121712","-66.6272491577955"
"01/03/2021","AQS","721130004","1","0.5","ppm","6","RESIDENTIAL AREA","24","100.0000","42101","Carbon monoxide","38660","Ponce, PR","72","Puerto Rico","113","Ponce","18.0095583121712","-66.6272491577955"
"01/04/2021","AQS","721130004","1","0.5","ppm","6","RESIDENTIAL AREA","24","100.0000","42101","Carbon monoxide","38660","Ponce, PR","72","Puerto Rico","113","Ponce","18.0095583121712","-66.6272491577955"
"01/05/2021","AQS","721130004","1","0.5","ppm","6","RESIDENTIAL AREA","24","100.0000","42101","Carbon monoxide","38660","Ponce, PR","72","Puerto Rico","113","Ponce","18.0095583121712","-66.6272491577955"
"01/06/2021","AQS","721130004","1","0.5","ppm","6","RESIDENTIAL AREA","24","100.0000","42101","Carbon monoxide","38660","Ponce, PR","72","Puerto Rico","113","Ponce","18.0095583121712","-66.6272491577955"
"01/07/2021","AQS","721130004","1","0.5","ppm","6","RESIDENTIAL AREA","24","100.0000","42101","Carbon monoxide","38660","Ponce, PR","72","Puerto Rico","113","Ponce","18.0095583121712","-66.6272491577955"
"01/08/2021","AQS","721130004","1","0.5","ppm","6","RESIDENTIAL AREA","24","100.0000","42101","Carbon monoxide","38660","Ponce, PR","72","Puerto Rico","113","Ponce","18.0095583121712","-66.6272491577955"
"01/09/2021","AQS","721130004","1","0.5","ppm","6","RESIDENTIAL AREA","24","100.0000","42101","Carbon monoxide","38660","Ponce, PR","72","Puerto Rico","113","Ponce","18.0095583121712","-66.6272491577955"
"01/10/2021","AQS","721130004","1","0.5","ppm","6","RESIDENTIAL AREA","24","100.0000","42101","Carbon monoxide","38660","Ponce, PR","72","Puerto Rico","113","Ponce","18.0095583121712","-66.6272491577955"
"01/11/2021","AQS","721130004","1","0.5","ppm","6","RESIDENTIAL AREA","24","100.0000","42101","Carbon monoxide","38660","Ponce, PR","72","Puerto Rico","113","Ponce","18.0095583121712","-66.6272491577955"
"01/12/2021","AQS","721130004","1","0.6","ppm","7","RESIDENTIAL AREA","24","100.0000","42101","Carbon monoxide","38660","Ponce, PR","72","Puerto Rico","113","Ponce","18.0095583121712","-66.6272491577955"
"01/13/2021","AQS","721130004","1","0.5","ppm","6","RESIDENTIAL AREA","24","100.0000","42101","Carbon monoxide","38660","Ponce, PR","72","Puerto Rico","113","Ponce","18.0095583121712","-66.6272491577955"
"01/14/2021","AQS","721130004","1","0.5","ppm","6","RESIDENTIAL AREA","24","100.0000","42101","Carbon monoxide","38660","Ponce, PR","72","Puerto Rico","113","Ponce","18.0095583121712","-66.6272491577955"
"01/15/2021","AQS","721130004","1","0.6","ppm","7","RESIDENTIAL AREA","24","100.0000","42101","Carbon monoxide","38660","Ponce, PR","72","Puerto Rico","113","Ponce","18.0095583121712","-66.6272491577955"
"01/16/2021","AQS","721130004","1","0.5","ppm","6","RESIDENTIAL AREA","24","100.0000","42101","Carbon monoxide","38660","Ponce, PR","72","Puerto Rico","113","Ponce","18.0095583121712","-66.6272491577955"
"01/17/2021","AQS","721130004","1","0.5","ppm","6","RESIDENTIAL AREA","24","100.0000","42101","Carbon monoxide","38660","Ponce, PR","72","Puerto Rico","113","Ponce","18.0095583121712","-66.6272491577955"
"01/18/2021","AQS","721130004","1","0.5","ppm","6","RESIDENTIAL AREA","24","100.0000","42101","Carbon monoxide","38660","Ponce, PR","72","Puerto Rico","113","Ponce","18.0095583121712","-66.6272491577955"
"01/19/2021","AQS","721130004","1","0.6","ppm","7","RESIDENTIAL AREA","24","100.0000","42101","Carbon monoxide","38660","Ponce, PR","72","Puerto Rico","113","Ponce","18.0095583121712","-66.6272491577955"
"01/20/2021","AQS","721130004","1","0.5","ppm","6","RESIDENTIAL AREA","24","100.0000","42101","Carbon monoxide","38660","Ponce, PR","72","Puerto Rico","113","Ponce","18.0095583121712","-66.6272491577955"
"01/21/2021","AQS","721130004","1","0.6","ppm","7","RESIDENTIAL AREA","24","100.0000","42101","Carbon monoxide","38660","Ponce, PR","72","Puerto Rico","113","Ponce","18.0095583121712","-66.6272491577955"
"01/22/2021","AQS","721130004","1","0.6","ppm","7","RESIDENTIAL AREA","24","100.0000","42101","Carbon monoxide","38660","Ponce, PR","72","Puerto Rico","113","Ponce","18.0095583121712","-66.6272491577955"
"01/23/2021","AQS","721130004","1","0.5","ppm","6","RESIDENTIAL AREA","24","100.0000","42101","Carbon monoxide","38660","Ponce, PR","72","Puerto Rico","113","Ponce","18.0095583121712","-66.6272491577955"
"01/24/2021","AQS","721130004","1","0.5","ppm","6","RESIDENTIAL AREA","24","100.0000","42101","Carbon monoxide","38660","Ponce, PR","72","Puerto Rico","113","Ponce","18.0095583121712","-66.6272491577955"
"01/25/2021","AQS","721130004","1","0.6","ppm","7","RESIDENTIAL AREA","24","100.0000","42101","Carbon monoxide","38660","Ponce, PR","72","Puerto Rico","113","Ponce","18.0095583121712","-66.6272491577955"
"01/26/2021","AQS","721130004","1","0.6","ppm","7","RESIDENTIAL AREA","24","100.0000","42101","Carbon monoxide","38660","Ponce, PR","72","Puerto Rico","113","Ponce","18.0095583121712","-66.6272491577955"
"01/27/2021","AQS","721130004","1","0.6","ppm","7","RESIDENTIAL AREA","24","100.0000","42101","Carbon monoxide","38660","Ponce, PR","72","Puerto Rico","113","Ponce","18.0095583121712","-66.6272491577955"
"01/28/2021","AQS","721130004","1","0.6","ppm","7","RESIDENTIAL AREA","24","100.0000","42101","Carbon monoxide","38660","Ponce, PR","72","Puerto Rico","113","Ponce","18.0095583121712","-66.6272491577955"
"01/29/2021","AQS","721130004","1","0.5","ppm","6","RESIDENTIAL AREA","24","100.0000","42101","Carbon monoxide","38660","Ponce, PR","72","Puerto Rico","113","Ponce","18.0095583121712","-66.6272491577955"
"01/30/2021","AQS","721130004","1","0.5","ppm","6","RESIDENTIAL AREA","24","100.0000","42101","Carbon monoxide","38660","Ponce, PR","72","Puerto Rico","113","Ponce","18.0095583121712","-66.6272491577955"
"01/31/2021","AQS","721130004","1","0.5","ppm","6","RESIDENTIAL AREA","24","100.0000","42101","Carbon monoxide","38660","Ponce, PR","72","Puerto Rico","113","Ponce","18.0095583121712","-66.6272491577955"
"02/01/2021","AQS","721130004","1","26.9","ppm","277","RESIDENTIAL AREA","24","100.0000","42101","Carbon monoxide","38660","Ponce, PR","72","Puerto Rico","113","Ponce","18.0095583121712","-66.6272491577955"
"02/02/2021","AQS","721130004","1","38.4","ppm","380","RESIDENTIAL AREA","24","100.0000","42101","Carbon monoxide","38660","Ponce, PR","72","Puerto Rico","113","Ponce","18.0095583121712","-66.6272491577955"
"02/03/2021","AQS","721130004","1","19.5","ppm","228","RESIDENTIAL AREA","24","100.0000","42101","Carbon monoxide","38660","Ponce, PR","72","Puerto Rico","113","Ponce","18.0095583121712","-66.6272491577955"
"02/04/2021","AQS","721130004","1","12.8","ppm","156","RESIDENTIAL AREA","24","100.0000","42101","Carbon monoxide","38660","Ponce, PR","72","Puerto Rico","113","Ponce","18.0095583121712","-66.6272491577955"
"02/05/2021","AQS","721130004","1","8.2","ppm","88","RESIDENTIAL AREA","24","100.0000","42101","Carbon monoxide","38660","Ponce, PR","72","Puerto Rico","113","Ponce","18.0095583121712","-66.6272491577955"
"02/06/2021","AQS","721130004","1","7.1","ppm","77","RESIDENTIAL AREA","24","100.0000","42101","Carbon monoxide","38660","Ponce, PR","72","Puerto Rico","113","Ponce","18.0095583121712","-66.6272491577955"
"02/07/2021","AQS","721130004","1","2.9","ppm","33","RESIDENTIAL AREA","24","100.0000","42101","Carbon monoxide","38660","Ponce, PR","72","Puerto Rico","113","Ponce","18.0095583121712","-66.6272491577955"
"02/08/2021","AQS","721130004","1","6.3","ppm","69","RESIDENTIAL AREA","24","100.0000","42101","Carbon monoxide","38660","Ponce, PR","72","Puerto Rico","113","Ponce","18.0095583121712","-66.6272491577955"
"02/09/2021","AQS","721130004","1","5.2","ppm","58","RESIDENTIAL AREA","24","100.0000","42101","Carbon monoxide","38660","Ponce, PR","72","Puerto Rico","113","Ponce","18.0095583121712","-66.6272491577955"
"02/10/2021","AQS","721130004","1","4.8","ppm","54","RESIDENTIAL AREA","24","100.0000","42101","Carbon monoxide","38660","Ponce, PR","72","Puerto Rico","113","Ponce","18.0095583121712","-66.6272491577955"
"02/11/2021","AQS","721130004","1","4.4","ppm","50","RESIDENTIAL AREA","24","100.0000","42101","Carbon monoxide","38660","Ponce, PR","72","Puerto Rico","113","Ponce","18.0095583121712","-66.6272491577955"
"02/12/2021","AQS","721130004","1","3.5","ppm","40","RESIDENTIAL AREA","10","42.0000","42101","Carbon monoxide","38660","Ponce, PR","72","Puerto Rico","113","Ponce","18.0095583121712","-66.6272491577955"
"01/01/2021","AQS","721270003","1","0.4","ppm","5","San Juan","18","75.0000","42101","Carbon monoxide","41980","San Juan-Carolina-Caguas, PR","72","Puerto Rico","127","San Juan","18.4498144990157","-66.0525095510839"
"01/02/2021","AQS","721270003","1","0.5","ppm","6","San Juan","24","100.0000","42101","Carbon monoxide","41980","San Juan-Carolina-Caguas, PR","72","Puerto Rico","127","San Juan","18.4498144990157","-66.0525095510839"
"01/03/2021","AQS","721270003","1","0.5","ppm","6","San Juan","24","100.0000","42101","Carbon monoxide","41980","San Juan-Carolina-Caguas, PR","72","Puerto Rico","127","San Juan","18.4498144990157","-66.0525095510839"
"01/04/2021","AQS","721270003","1","0.6","ppm","7","San Juan","24","100.0000","42101","Carbon monoxide","41980","San Juan-Carolina-Caguas, PR","72","Puerto Rico","127","San Juan","18.4498144990157","-66.0525095510839"
"01/05/2021","AQS","721270003","1","0.7","ppm","8","San Juan","24","100.0000","42101","Carbon monoxide","41980","San Juan-Carolina-Caguas, PR","72","Puerto Rico","127","San Juan","18.4498144990157","-66.0525095510839"
"01/06/2021","AQS","721270003","1","0.5","ppm","6","San Juan","24","100.0000","42101","Carbon monoxide","41980","San Juan-Carolina-Caguas, PR","72","Puerto Rico","127","San Juan","18.4498144990157","-66.0525095510839"
"01/07/2021","AQS","721270003","1","0.6","ppm","7","San Juan","24","100.0000","42101","Carbon monoxide","41980","San Juan-Carolina-Caguas, PR","72","Puerto Rico","127","San Juan","18.4498144990157","-66.0525095510839"
"01/08/2021","AQS","721270003","1","0.6","ppm","7","San Juan","24","100.0000","42101","Carbon monoxide","41980","San Juan-Carolina-Caguas, PR","72","Puerto Rico","127","San Juan","18.4498144990157","-66.0525095510839"
"01/09/2021","AQS","721270003","1","0.6","ppm","7","San Juan","24","100.0000","42101","Carbon monoxide","41980","San Juan-Carolina-Caguas, PR","72","Puerto Rico","127","San Juan","18.4498144990157","-66.0525095510839"
"01/10/2021","AQS","721270003","1","0.5","ppm","6","San Juan","24","100.0000","42101","Carbon monoxide","41980","San Juan-Carolina-Caguas, PR","72","Puerto Rico","127","San Juan","18.4498144990157","-66.0525095510839"
"01/11/2021","AQS","721270003","1","0.6","ppm","7","San Juan","24","100.0000","42101","Carbon monoxide","41980","San Juan-Carolina-Caguas, PR","72","Puerto Rico","127","San Juan","18.4498144990157","-66.0525095510839"
"01/12/2021","AQS","721270003","1","0.5","ppm","6","San Juan","24","100.0000","42101","Carbon monoxide","41980","San Juan-Carolina-Caguas, PR","72","Puerto Rico","127","San Juan","18.4498144990157","-66.0525095510839"
"01/13/2021","AQS","721270003","1","0.7","ppm","8","San Juan","24","100.0000","42101","Carbon monoxide","41980","San Juan-Carolina-Caguas, PR","72","Puerto Rico","127","San Juan","18.4498144990157","-66.0525095510839"
"01/14/2021","AQS","721270003","1","0.3","ppm","3","San Juan","24","100.0000","42101","Carbon monoxide","41980","San Juan-Carolina-Caguas, PR","72","Puerto Rico","127","San Juan","18.4498144990157","-66.0525095510839"
"01/15/2021","AQS","721270003","1","0.7","ppm","8","San Juan","24","100.0000","42101","Carbon monoxide","41980","San Juan-Carolina-Caguas, PR","72","Puerto Rico","127","San Juan","18.4498144990157","-66.0525095510839"
"01/16/2021","AQS","721270003","1","0.8","ppm","9","San Juan","24","100.0000","42101","Carbon monoxide","41980","San Juan-Carolina-Caguas, PR","72","Puerto Rico","127","San Juan","18.4498144990157","-66.0525095510839"
"01/17/2021","AQS","721270003","1","0.7","ppm","8","San Juan","24","100.0000","42101","Carbon monoxide","41980","San Juan-Carolina-Caguas, PR","72","Puerto Rico","127","San Juan","18.4498144990157","-66.0525095510839"
"01/18/2021","AQS","721270003","1","0.6","ppm","7","San Juan","24","100.0000","42101","Carbon monoxide","41980","San Juan-Carolina-Caguas, PR","72","Puerto Rico","127","San Juan","18.4498144990157","-66.0525095510839"
"01/19/2021","AQS","721270003","1","0.8","ppm","9","San Juan","24","100.0000","42101","Carbon monoxide","41980","San Juan-Carolina-Caguas, PR","72","Puerto Rico","127","San Juan","18.4498144990157","-66.0525095510839"
"01/20/2021","AQS","721270003","1","0.8","ppm","9","San Juan","24","100.0000","42101","Carbon monoxide","41980","San Juan-Carolina-Caguas, PR","72","Puerto Rico","127","San Juan","18.4498144990157","-66.0525095510839"
"01/21/2021","AQS","721270003","1","0.8","ppm","9","San Juan","24","100.0000","42101","Carbon monoxide","41980","San Juan-Carolina-Caguas, PR","72","Puerto Rico","127","San Juan","18.4498144990157","-66.0525095510839"
"01/22/2021","AQS","721270003","1","0.9","ppm","10","San Juan","24","100.0000","42101","Carbon monoxide","41980","San Juan-Carolina-Caguas, PR","72","Puerto Rico","127","San Juan","18.4498144990157","-66.0525095510839"
"01/23/2021","AQS","721270003","1","0.7","ppm","8","San Juan","24","100.0000","42101","Carbon monoxide","41980","San Juan-Carolina-Caguas, PR","72","Puerto Rico","127","San Juan","18.4498144990157","-66.0525095510839"
"01/24/2021","AQS","721270003","1","0.6","ppm","7","San Juan","24","100.0000","42101","Carbon monoxide","41980","San Juan-Carolina-Caguas, PR","72","Puerto Rico","127","San Juan","18.4498144990157","-66.0525095510839"
"01/25/2021","AQS","721270003","1","0.7","ppm","8","San Juan","24","100.0000","42101","Carbon monoxide","41980","San Juan-Carolina-Caguas, PR","72","Puerto Rico","127","San Juan","18.4498144990157","-66.0525095510839"
"01/26/2021","AQS","721270003","1","0.7","ppm","8","San Juan","24","100.0000","42101","Carbon monoxide","41980","San Juan-Carolina-Caguas, PR","72","Puerto Rico","127","San Juan","18.4498144990157","-66.0525095510839"
"01/27/2021","AQS","721270003","1","0.7","ppm","8","San Juan","24","100.0000","42101","Carbon monoxide","41980","San Juan-Carolina-Caguas, PR","72","Puerto Rico","127","San Juan","18.4498144990157","-66.0525095510839"
"01/28/2021","AQS","721270003","1","0.7","ppm","8","San Juan","24","100.0000","42101","Carbon monoxide","41980","San Juan-Carolina-Caguas, PR","72","Puerto Rico","127","San Juan","18.4498144990157","-66.0525095510839"
"01/29/2021","AQS","721270003","1","0.8","ppm","9","San Juan","24","100.0000","42101","Carbon monoxide","41980","San Juan-Carolina-Caguas, PR","72","Puerto Rico","127","San Juan","18.4498144990157","-66.0525095510839"
"01/30/2021","AQS","721270003","1","0.8","ppm","9","San Juan","24","100.0000","42101","Carbon monoxide","41980","San Juan-Carolina-Caguas, PR","72","Puerto Rico","127","San Juan","18.4498144990157","-66.0525095510839"
"01/31/2021","AQS","721270003","1","0.6","ppm","7","San Juan","24","100.0000","42101","Carbon monoxide","41980","San Juan-Carolina-Caguas, PR","72","Puerto Rico","127","San Juan","18.4498144990157","-66.0525095510839"
"02/01/2021","AQS","721270003","1","0.6","ppm","7","San Juan","24","100.0000","42101","Carbon monoxide","41980","San Juan-Carolina-Caguas, PR","72","Puerto Rico","127","San Juan","18.4498144990157","-66.0525095510839"
"02/02/2021","AQS","721270003","1","0.5","ppm","6","San Juan","24","100.0000","42101","Carbon monoxide","41980","San Juan-Carolina-Caguas, PR","72","Puerto Rico","127","San Juan","18.4498144990157","-66.0525095510839"
"02/03/2021","AQS","721270003","1","0.5","ppm","6","San Juan","24","100.0000","42101","Carbon monoxide","41980","San Juan-Carolina-Caguas, PR","72","Puerto Rico","127","San Juan","18.4498144990157","-66.0525095510839"
"02/04/2021","AQS","721270003","1","0.8","ppm","9","San Juan","24","100.0000","42101","Carbon monoxide","41980","San Juan-Carolina-Caguas, PR","72","Puerto Rico","127","San Juan","18.4498144990157","-66.0525095510839"
"02/05/2021","AQS","721270003","1","0.8","ppm","9","San Juan","24","100.0000","42101","Carbon monoxide","41980","San Juan-Carolina-Caguas, PR","72","Puerto Rico","127","San Juan","18.4498144990157","-66.0525095510839"
"02/06/2021","AQS","721270003","1","0.7","ppm","8","San Juan","24","100.0000","42101","Carbon monoxide","41980","San Juan-Carolina-Caguas, PR","72","Puerto Rico","127","San Juan","18.4498144990157","-66.0525095510839"
"02/07/2021","AQS","721270003","1","0.6","ppm","7","San Juan","24","100.0000","42101","Carbon monoxide","41980","San Juan-Carolina-Caguas, PR","72","Puerto Rico","127","San Juan","18.4498144990157","-66.0525095510839"
"02/08/2021","AQS","721270003","1","0.7","ppm","8","San Juan","24","100.0000","42101","Carbon monoxide","41980","San Juan-Carolina-Caguas, PR","72","Puerto Rico","127","San Juan","18.4498144990157","-66.0525095510839"
"02/09/2021","AQS","721270003","1","0.6","ppm","7","San Juan","24","100.0000","42101","Carbon monoxide","41980","San Juan-Carolina-Caguas, PR","72","Puerto Rico","127","San Juan","18.4498144990157","-66.0525095510839"
"02/10/2021","AQS","721270003","1","0.4","ppm","5","San Juan","2","8.0000","42101","Carbon monoxide","41980","San Juan-Carolina-Caguas, PR","72","Puerto Rico","127","San Juan","18.4498144990157","-66.0525095510839"
