"Date","Source","Site ID","POC","Daily Mean PM2.5 Concentration","UNITS","DAILY_AQI_VALUE","Site Name","DAILY_OBS_COUNT","PERCENT_COMPLETE","AQS_PARAMETER_CODE","AQS_PARAMETER_DESC","CBSA_CODE","CBSA_NAME","STATE_CODE","STATE","COUNTY_CODE","COUNTY","SITE_LATITUDE","SITE_LONGITUDE"
"01/02/2014","AQS","720010002","1","1","ug/m3 LC","4","Adjuntas","1","100.0000","88101","PM2.5 - Local Conditions","10260","Adjuntas, PR","72","Puerto Rico","001","Adjuntas","18.1753775873795","-66.7259880318065"
"01/11/2014","AQS","720010002","1","2.1","ug/m3 LC","9","Adjuntas","1","100.0000","88101","PM2.5 - Local Conditions","10260","Adjuntas, PR","72","Puerto Rico","001","Adjuntas","18.1753775873795","-66.7259880318065"
"01/17/2014","AQS","720010002","1","2.4","ug/m3 LC","10","Adjuntas","1","100.0000","88101","PM2.5 - Local Conditions","10260","Adjuntas, PR","72","Puerto Rico","001","Adjuntas","18.1753775873795","-66.7259880318065"
"01/20/2014","AQS","720010002","1","7.3","ug/m3 LC","30","Adjuntas","1","100.0000","88101","PM2.5 - Local Conditions","10260","Adjuntas, PR","72","Puerto Rico","001","Adjuntas","18.1753775873795","-66.7259880318065"
"03/06/2014","AQS","720010002","1","3.5","ug/m3 LC","15","Adjuntas","1","100.0000","88101","PM2.5 - Local Conditions","10260","Adjuntas, PR","72","Puerto Rico","001","Adjuntas","18.1753775873795","-66.7259880318065"
"03/09/2014","AQS","720010002","1","2.8","ug/m3 LC","12","Adjuntas","1","100.0000","88101","PM2.5 - Local Conditions","10260","Adjuntas, PR","72","Puerto Rico","001","Adjuntas","18.1753775873795","-66.7259880318065"
"03/12/2014","AQS","720010002","1","2.2","ug/m3 LC","9","Adjuntas","1","100.0000","88101","PM2.5 - Local Conditions","10260","Adjuntas, PR","72","Puerto Rico","001","Adjuntas","18.1753775873795","-66.7259880318065"
"03/15/2014","AQS","720010002","1","3.4","ug/m3 LC","14","Adjuntas","1","100.0000","88101","PM2.5 - Local Conditions","10260","Adjuntas, PR","72","Puerto Rico","001","Adjuntas","18.1753775873795","-66.7259880318065"
"03/18/2014","AQS","720010002","1","2.5","ug/m3 LC","10","Adjuntas","1","100.0000","88101","PM2.5 - Local Conditions","10260","Adjuntas, PR","72","Puerto Rico","001","Adjuntas","18.1753775873795","-66.7259880318065"
"03/21/2014","AQS","720010002","1","7.6","ug/m3 LC","32","Adjuntas","1","100.0000","88101","PM2.5 - Local Conditions","10260","Adjuntas, PR","72","Puerto Rico","001","Adjuntas","18.1753775873795","-66.7259880318065"
"03/24/2014","AQS","720010002","1","9.8","ug/m3 LC","41","Adjuntas","1","100.0000","88101","PM2.5 - Local Conditions","10260","Adjuntas, PR","72","Puerto Rico","001","Adjuntas","18.1753775873795","-66.7259880318065"
"03/27/2014","AQS","720010002","1","4.4","ug/m3 LC","18","Adjuntas","1","100.0000","88101","PM2.5 - Local Conditions","10260","Adjuntas, PR","72","Puerto Rico","001","Adjuntas","18.1753775873795","-66.7259880318065"
"04/02/2014","AQS","720010002","1","6.2","ug/m3 LC","26","Adjuntas","1","100.0000","88101","PM2.5 - Local Conditions","10260","Adjuntas, PR","72","Puerto Rico","001","Adjuntas","18.1753775873795","-66.7259880318065"
"04/05/2014","AQS","720010002","1","2.8","ug/m3 LC","12","Adjuntas","1","100.0000","88101","PM2.5 - Local Conditions","10260","Adjuntas, PR","72","Puerto Rico","001","Adjuntas","18.1753775873795","-66.7259880318065"
"04/11/2014","AQS","720010002","1","3.9","ug/m3 LC","16","Adjuntas","1","100.0000","88101","PM2.5 - Local Conditions","10260","Adjuntas, PR","72","Puerto Rico","001","Adjuntas","18.1753775873795","-66.7259880318065"
"04/14/2014","AQS","720010002","1","2.7","ug/m3 LC","11","Adjuntas","1","100.0000","88101","PM2.5 - Local Conditions","10260","Adjuntas, PR","72","Puerto Rico","001","Adjuntas","18.1753775873795","-66.7259880318065"
"04/20/2014","AQS","720010002","1","3.6","ug/m3 LC","15","Adjuntas","1","100.0000","88101","PM2.5 - Local Conditions","10260","Adjuntas, PR","72","Puerto Rico","001","Adjuntas","18.1753775873795","-66.7259880318065"
"04/23/2014","AQS","720010002","1","5.9","ug/m3 LC","25","Adjuntas","1","100.0000","88101","PM2.5 - Local Conditions","10260","Adjuntas, PR","72","Puerto Rico","001","Adjuntas","18.1753775873795","-66.7259880318065"
"04/26/2014","AQS","720010002","1","11","ug/m3 LC","46","Adjuntas","1","100.0000","88101","PM2.5 - Local Conditions","10260","Adjuntas, PR","72","Puerto Rico","001","Adjuntas","18.1753775873795","-66.7259880318065"
"04/29/2014","AQS","720010002","1","6.8","ug/m3 LC","28","Adjuntas","1","100.0000","88101","PM2.5 - Local Conditions","10260","Adjuntas, PR","72","Puerto Rico","001","Adjuntas","18.1753775873795","-66.7259880318065"
"05/02/2014","AQS","720010002","1","6.6","ug/m3 LC","28","Adjuntas","1","100.0000","88101","PM2.5 - Local Conditions","10260","Adjuntas, PR","72","Puerto Rico","001","Adjuntas","18.1753775873795","-66.7259880318065"
"05/05/2014","AQS","720010002","1","5.1","ug/m3 LC","21","Adjuntas","1","100.0000","88101","PM2.5 - Local Conditions","10260","Adjuntas, PR","72","Puerto Rico","001","Adjuntas","18.1753775873795","-66.7259880318065"
"05/08/2014","AQS","720010002","1","3.8","ug/m3 LC","16","Adjuntas","1","100.0000","88101","PM2.5 - Local Conditions","10260","Adjuntas, PR","72","Puerto Rico","001","Adjuntas","18.1753775873795","-66.7259880318065"
"05/11/2014","AQS","720010002","1","2","ug/m3 LC","8","Adjuntas","1","100.0000","88101","PM2.5 - Local Conditions","10260","Adjuntas, PR","72","Puerto Rico","001","Adjuntas","18.1753775873795","-66.7259880318065"
"05/14/2014","AQS","720010002","1","2.6","ug/m3 LC","11","Adjuntas","1","100.0000","88101","PM2.5 - Local Conditions","10260","Adjuntas, PR","72","Puerto Rico","001","Adjuntas","18.1753775873795","-66.7259880318065"
"05/17/2014","AQS","720010002","1","3.7","ug/m3 LC","15","Adjuntas","1","100.0000","88101","PM2.5 - Local Conditions","10260","Adjuntas, PR","72","Puerto Rico","001","Adjuntas","18.1753775873795","-66.7259880318065"
"05/20/2014","AQS","720010002","1","6.7","ug/m3 LC","28","Adjuntas","1","100.0000","88101","PM2.5 - Local Conditions","10260","Adjuntas, PR","72","Puerto Rico","001","Adjuntas","18.1753775873795","-66.7259880318065"
"05/23/2014","AQS","720010002","1","4.2","ug/m3 LC","18","Adjuntas","1","100.0000","88101","PM2.5 - Local Conditions","10260","Adjuntas, PR","72","Puerto Rico","001","Adjuntas","18.1753775873795","-66.7259880318065"
"05/26/2014","AQS","720010002","1","4.4","ug/m3 LC","18","Adjuntas","1","100.0000","88101","PM2.5 - Local Conditions","10260","Adjuntas, PR","72","Puerto Rico","001","Adjuntas","18.1753775873795","-66.7259880318065"
"05/29/2014","AQS","720010002","1","3","ug/m3 LC","13","Adjuntas","1","100.0000","88101","PM2.5 - Local Conditions","10260","Adjuntas, PR","72","Puerto Rico","001","Adjuntas","18.1753775873795","-66.7259880318065"
"06/01/2014","AQS","720010002","1","7.5","ug/m3 LC","31","Adjuntas","1","100.0000","88101","PM2.5 - Local Conditions","10260","Adjuntas, PR","72","Puerto Rico","001","Adjuntas","18.1753775873795","-66.7259880318065"
"06/04/2014","AQS","720010002","1","14.2","ug/m3 LC","55","Adjuntas","1","100.0000","88101","PM2.5 - Local Conditions","10260","Adjuntas, PR","72","Puerto Rico","001","Adjuntas","18.1753775873795","-66.7259880318065"
"06/07/2014","AQS","720010002","1","6.7","ug/m3 LC","28","Adjuntas","1","100.0000","88101","PM2.5 - Local Conditions","10260","Adjuntas, PR","72","Puerto Rico","001","Adjuntas","18.1753775873795","-66.7259880318065"
"06/10/2014","AQS","720010002","1","4.4","ug/m3 LC","18","Adjuntas","1","100.0000","88101","PM2.5 - Local Conditions","10260","Adjuntas, PR","72","Puerto Rico","001","Adjuntas","18.1753775873795","-66.7259880318065"
"06/13/2014","AQS","720010002","1","9.1","ug/m3 LC","38","Adjuntas","1","100.0000","88101","PM2.5 - Local Conditions","10260","Adjuntas, PR","72","Puerto Rico","001","Adjuntas","18.1753775873795","-66.7259880318065"
"06/22/2014","AQS","720010002","1","7.7","ug/m3 LC","32","Adjuntas","1","100.0000","88101","PM2.5 - Local Conditions","10260","Adjuntas, PR","72","Puerto Rico","001","Adjuntas","18.1753775873795","-66.7259880318065"
"06/28/2014","AQS","720010002","1","4.9","ug/m3 LC","20","Adjuntas","1","100.0000","88101","PM2.5 - Local Conditions","10260","Adjuntas, PR","72","Puerto Rico","001","Adjuntas","18.1753775873795","-66.7259880318065"
"07/01/2014","AQS","720010002","1","10.5","ug/m3 LC","44","Adjuntas","1","100.0000","88101","PM2.5 - Local Conditions","10260","Adjuntas, PR","72","Puerto Rico","001","Adjuntas","18.1753775873795","-66.7259880318065"
"08/27/2014","AQS","720010002","1","12.8","ug/m3 LC","52","Adjuntas","1","100.0000","88101","PM2.5 - Local Conditions","10260","Adjuntas, PR","72","Puerto Rico","001","Adjuntas","18.1753775873795","-66.7259880318065"
"08/30/2014","AQS","720010002","1","4.3","ug/m3 LC","18","Adjuntas","1","100.0000","88101","PM2.5 - Local Conditions","10260","Adjuntas, PR","72","Puerto Rico","001","Adjuntas","18.1753775873795","-66.7259880318065"
"09/02/2014","AQS","720010002","1","5","ug/m3 LC","21","Adjuntas","1","100.0000","88101","PM2.5 - Local Conditions","10260","Adjuntas, PR","72","Puerto Rico","001","Adjuntas","18.1753775873795","-66.7259880318065"
"12/16/2014","AQS","720010002","1","2.9","ug/m3 LC","12","Adjuntas","1","100.0000","88101","PM2.5 - Local Conditions","10260","Adjuntas, PR","72","Puerto Rico","001","Adjuntas","18.1753775873795","-66.7259880318065"
"01/11/2014","AQS","720210009","1","2.8","ug/m3 LC","12","EQB #63 - VILLA RICA, BAYAMON","1","100.0000","88101","PM2.5 - Local Conditions","41980","San Juan-Carolina-Caguas, PR","72","Puerto Rico","021","Bayamon","18.3998201324345","-66.1711251082898"
"01/14/2014","AQS","720210009","1","3.2","ug/m3 LC","13","EQB #63 - VILLA RICA, BAYAMON","1","100.0000","88101","PM2.5 - Local Conditions","41980","San Juan-Carolina-Caguas, PR","72","Puerto Rico","021","Bayamon","18.3998201324345","-66.1711251082898"
"01/17/2014","AQS","720210009","1","3.3","ug/m3 LC","14","EQB #63 - VILLA RICA, BAYAMON","1","100.0000","88101","PM2.5 - Local Conditions","41980","San Juan-Carolina-Caguas, PR","72","Puerto Rico","021","Bayamon","18.3998201324345","-66.1711251082898"
"01/20/2014","AQS","720210009","1","9.1","ug/m3 LC","38","EQB #63 - VILLA RICA, BAYAMON","1","100.0000","88101","PM2.5 - Local Conditions","41980","San Juan-Carolina-Caguas, PR","72","Puerto Rico","021","Bayamon","18.3998201324345","-66.1711251082898"
"01/23/2014","AQS","720210009","1","4.1","ug/m3 LC","17","EQB #63 - VILLA RICA, BAYAMON","1","100.0000","88101","PM2.5 - Local Conditions","41980","San Juan-Carolina-Caguas, PR","72","Puerto Rico","021","Bayamon","18.3998201324345","-66.1711251082898"
"01/26/2014","AQS","720210009","1","3","ug/m3 LC","13","EQB #63 - VILLA RICA, BAYAMON","1","100.0000","88101","PM2.5 - Local Conditions","41980","San Juan-Carolina-Caguas, PR","72","Puerto Rico","021","Bayamon","18.3998201324345","-66.1711251082898"
"03/12/2014","AQS","720570008","1","2.3","ug/m3 LC","10","Guayama","1","100.0000","88101","PM2.5 - Local Conditions","25020","Guayama, PR","72","Puerto Rico","057","Guayama","17.9578943779311","-66.1650159868833"
"03/15/2014","AQS","720570008","1","2.3","ug/m3 LC","10","Guayama","1","100.0000","88101","PM2.5 - Local Conditions","25020","Guayama, PR","72","Puerto Rico","057","Guayama","17.9578943779311","-66.1650159868833"
"03/19/2014","AQS","720570008","1","4.6","ug/m3 LC","19","Guayama","1","100.0000","88101","PM2.5 - Local Conditions","25020","Guayama, PR","72","Puerto Rico","057","Guayama","17.9578943779311","-66.1650159868833"
"03/21/2014","AQS","720570008","1","4.8","ug/m3 LC","20","Guayama","1","100.0000","88101","PM2.5 - Local Conditions","25020","Guayama, PR","72","Puerto Rico","057","Guayama","17.9578943779311","-66.1650159868833"
"03/27/2014","AQS","720570008","1","7.6","ug/m3 LC","32","Guayama","1","100.0000","88101","PM2.5 - Local Conditions","25020","Guayama, PR","72","Puerto Rico","057","Guayama","17.9578943779311","-66.1650159868833"
"04/02/2014","AQS","720570008","1","9.3","ug/m3 LC","39","Guayama","1","100.0000","88101","PM2.5 - Local Conditions","25020","Guayama, PR","72","Puerto Rico","057","Guayama","17.9578943779311","-66.1650159868833"
"04/05/2014","AQS","720570008","1","3.7","ug/m3 LC","15","Guayama","1","100.0000","88101","PM2.5 - Local Conditions","25020","Guayama, PR","72","Puerto Rico","057","Guayama","17.9578943779311","-66.1650159868833"
"04/08/2014","AQS","720570008","1","5.6","ug/m3 LC","23","Guayama","1","100.0000","88101","PM2.5 - Local Conditions","25020","Guayama, PR","72","Puerto Rico","057","Guayama","17.9578943779311","-66.1650159868833"
"04/11/2014","AQS","720570008","1","3.5","ug/m3 LC","15","Guayama","1","100.0000","88101","PM2.5 - Local Conditions","25020","Guayama, PR","72","Puerto Rico","057","Guayama","17.9578943779311","-66.1650159868833"
"04/14/2014","AQS","720570008","1","3","ug/m3 LC","13","Guayama","1","100.0000","88101","PM2.5 - Local Conditions","25020","Guayama, PR","72","Puerto Rico","057","Guayama","17.9578943779311","-66.1650159868833"
"04/17/2014","AQS","720570008","1","5","ug/m3 LC","21","Guayama","1","100.0000","88101","PM2.5 - Local Conditions","25020","Guayama, PR","72","Puerto Rico","057","Guayama","17.9578943779311","-66.1650159868833"
"04/20/2014","AQS","720570008","1","3.5","ug/m3 LC","15","Guayama","1","100.0000","88101","PM2.5 - Local Conditions","25020","Guayama, PR","72","Puerto Rico","057","Guayama","17.9578943779311","-66.1650159868833"
"04/26/2014","AQS","720570008","1","9.7","ug/m3 LC","40","Guayama","1","100.0000","88101","PM2.5 - Local Conditions","25020","Guayama, PR","72","Puerto Rico","057","Guayama","17.9578943779311","-66.1650159868833"
"04/29/2014","AQS","720570008","1","6.8","ug/m3 LC","28","Guayama","1","100.0000","88101","PM2.5 - Local Conditions","25020","Guayama, PR","72","Puerto Rico","057","Guayama","17.9578943779311","-66.1650159868833"
"05/11/2014","AQS","720570008","1","1.7","ug/m3 LC","7","Guayama","1","100.0000","88101","PM2.5 - Local Conditions","25020","Guayama, PR","72","Puerto Rico","057","Guayama","17.9578943779311","-66.1650159868833"
"05/14/2014","AQS","720570008","1","2.5","ug/m3 LC","10","Guayama","1","100.0000","88101","PM2.5 - Local Conditions","25020","Guayama, PR","72","Puerto Rico","057","Guayama","17.9578943779311","-66.1650159868833"
"05/20/2014","AQS","720570008","1","5","ug/m3 LC","21","Guayama","1","100.0000","88101","PM2.5 - Local Conditions","25020","Guayama, PR","72","Puerto Rico","057","Guayama","17.9578943779311","-66.1650159868833"
"05/23/2014","AQS","720570008","1","3","ug/m3 LC","13","Guayama","1","100.0000","88101","PM2.5 - Local Conditions","25020","Guayama, PR","72","Puerto Rico","057","Guayama","17.9578943779311","-66.1650159868833"
"05/26/2014","AQS","720570008","1","4.4","ug/m3 LC","18","Guayama","1","100.0000","88101","PM2.5 - Local Conditions","25020","Guayama, PR","72","Puerto Rico","057","Guayama","17.9578943779311","-66.1650159868833"
"06/04/2014","AQS","720570008","1","12.1","ug/m3 LC","51","Guayama","1","100.0000","88101","PM2.5 - Local Conditions","25020","Guayama, PR","72","Puerto Rico","057","Guayama","17.9578943779311","-66.1650159868833"
"06/07/2014","AQS","720570008","1","4.2","ug/m3 LC","18","Guayama","1","100.0000","88101","PM2.5 - Local Conditions","25020","Guayama, PR","72","Puerto Rico","057","Guayama","17.9578943779311","-66.1650159868833"
"06/10/2014","AQS","720570008","1","6.8","ug/m3 LC","28","Guayama","1","100.0000","88101","PM2.5 - Local Conditions","25020","Guayama, PR","72","Puerto Rico","057","Guayama","17.9578943779311","-66.1650159868833"
"06/13/2014","AQS","720570008","1","3.8","ug/m3 LC","16","Guayama","1","100.0000","88101","PM2.5 - Local Conditions","25020","Guayama, PR","72","Puerto Rico","057","Guayama","17.9578943779311","-66.1650159868833"
"06/28/2014","AQS","720570008","1","5.4","ug/m3 LC","23","Guayama","1","100.0000","88101","PM2.5 - Local Conditions","25020","Guayama, PR","72","Puerto Rico","057","Guayama","17.9578943779311","-66.1650159868833"
"07/01/2014","AQS","720570008","1","12.6","ug/m3 LC","52","Guayama","1","100.0000","88101","PM2.5 - Local Conditions","25020","Guayama, PR","72","Puerto Rico","057","Guayama","17.9578943779311","-66.1650159868833"
"08/27/2014","AQS","720570008","1","10.9","ug/m3 LC","45","Guayama","1","100.0000","88101","PM2.5 - Local Conditions","25020","Guayama, PR","72","Puerto Rico","057","Guayama","17.9578943779311","-66.1650159868833"
"08/30/2014","AQS","720570008","1","1.9","ug/m3 LC","8","Guayama","1","100.0000","88101","PM2.5 - Local Conditions","25020","Guayama, PR","72","Puerto Rico","057","Guayama","17.9578943779311","-66.1650159868833"
"12/04/2014","AQS","720570008","1","2","ug/m3 LC","8","Guayama","1","100.0000","88101","PM2.5 - Local Conditions","25020","Guayama, PR","72","Puerto Rico","057","Guayama","17.9578943779311","-66.1650159868833"
"12/07/2014","AQS","720570008","1","2.9","ug/m3 LC","12","Guayama","1","100.0000","88101","PM2.5 - Local Conditions","25020","Guayama, PR","72","Puerto Rico","057","Guayama","17.9578943779311","-66.1650159868833"
"12/10/2014","AQS","720570008","1","4.6","ug/m3 LC","19","Guayama","1","100.0000","88101","PM2.5 - Local Conditions","25020","Guayama, PR","72","Puerto Rico","057","Guayama","17.9578943779311","-66.1650159868833"
"12/13/2014","AQS","720570008","1","3.2","ug/m3 LC","13","Guayama","1","100.0000","88101","PM2.5 - Local Conditions","25020","Guayama, PR","72","Puerto Rico","057","Guayama","17.9578943779311","-66.1650159868833"
"12/16/2014","AQS","720570008","1","2.9","ug/m3 LC","12","Guayama","1","100.0000","88101","PM2.5 - Local Conditions","25020","Guayama, PR","72","Puerto Rico","057","Guayama","17.9578943779311","-66.1650159868833"
"12/19/2014","AQS","720570008","1","2.8","ug/m3 LC","12","Guayama","1","100.0000","88101","PM2.5 - Local Conditions","25020","Guayama, PR","72","Puerto Rico","057","Guayama","17.9578943779311","-66.1650159868833"
"12/22/2014","AQS","720570008","1","0.7","ug/m3 LC","3","Guayama","1","100.0000","88101","PM2.5 - Local Conditions","25020","Guayama, PR","72","Puerto Rico","057","Guayama","17.9578943779311","-66.1650159868833"
"01/11/2014","AQS","720590016","1","2.6","ug/m3 LC","11","RESIDENTIAL ZONE","1","100.0000","88101","PM2.5 - Local Conditions","38660","Ponce, PR","72","Puerto Rico","059","Guayanilla","18.0451106018564","-66.8022530724567"
"01/14/2014","AQS","720590016","1","2","ug/m3 LC","8","RESIDENTIAL ZONE","1","100.0000","88101","PM2.5 - Local Conditions","38660","Ponce, PR","72","Puerto Rico","059","Guayanilla","18.0451106018564","-66.8022530724567"
"01/17/2014","AQS","720590016","1","2.1","ug/m3 LC","9","RESIDENTIAL ZONE","1","100.0000","88101","PM2.5 - Local Conditions","38660","Ponce, PR","72","Puerto Rico","059","Guayanilla","18.0451106018564","-66.8022530724567"
"01/20/2014","AQS","720590016","1","7.1","ug/m3 LC","30","RESIDENTIAL ZONE","1","100.0000","88101","PM2.5 - Local Conditions","38660","Ponce, PR","72","Puerto Rico","059","Guayanilla","18.0451106018564","-66.8022530724567"
"02/13/2014","AQS","720590016","1","3.8","ug/m3 LC","16","RESIDENTIAL ZONE","1","100.0000","88101","PM2.5 - Local Conditions","38660","Ponce, PR","72","Puerto Rico","059","Guayanilla","18.0451106018564","-66.8022530724567"
"02/16/2014","AQS","720590016","1","4.5","ug/m3 LC","19","RESIDENTIAL ZONE","1","100.0000","88101","PM2.5 - Local Conditions","38660","Ponce, PR","72","Puerto Rico","059","Guayanilla","18.0451106018564","-66.8022530724567"
"02/22/2014","AQS","720590016","1","2.8","ug/m3 LC","12","RESIDENTIAL ZONE","1","100.0000","88101","PM2.5 - Local Conditions","38660","Ponce, PR","72","Puerto Rico","059","Guayanilla","18.0451106018564","-66.8022530724567"
"03/09/2014","AQS","720590016","1","2.6","ug/m3 LC","11","RESIDENTIAL ZONE","1","100.0000","88101","PM2.5 - Local Conditions","38660","Ponce, PR","72","Puerto Rico","059","Guayanilla","18.0451106018564","-66.8022530724567"
"03/12/2014","AQS","720590016","1","1.5","ug/m3 LC","6","RESIDENTIAL ZONE","1","100.0000","88101","PM2.5 - Local Conditions","38660","Ponce, PR","72","Puerto Rico","059","Guayanilla","18.0451106018564","-66.8022530724567"
"03/15/2014","AQS","720590016","1","6.5","ug/m3 LC","27","RESIDENTIAL ZONE","1","100.0000","88101","PM2.5 - Local Conditions","38660","Ponce, PR","72","Puerto Rico","059","Guayanilla","18.0451106018564","-66.8022530724567"
"03/18/2014","AQS","720590016","1","3","ug/m3 LC","13","RESIDENTIAL ZONE","1","100.0000","88101","PM2.5 - Local Conditions","38660","Ponce, PR","72","Puerto Rico","059","Guayanilla","18.0451106018564","-66.8022530724567"
"03/21/2014","AQS","720590016","1","4.8","ug/m3 LC","20","RESIDENTIAL ZONE","1","100.0000","88101","PM2.5 - Local Conditions","38660","Ponce, PR","72","Puerto Rico","059","Guayanilla","18.0451106018564","-66.8022530724567"
"03/24/2014","AQS","720590016","1","3.5","ug/m3 LC","15","RESIDENTIAL ZONE","1","100.0000","88101","PM2.5 - Local Conditions","38660","Ponce, PR","72","Puerto Rico","059","Guayanilla","18.0451106018564","-66.8022530724567"
"03/27/2014","AQS","720590016","1","5.5","ug/m3 LC","23","RESIDENTIAL ZONE","1","100.0000","88101","PM2.5 - Local Conditions","38660","Ponce, PR","72","Puerto Rico","059","Guayanilla","18.0451106018564","-66.8022530724567"
"03/30/2014","AQS","720590016","1","3.8","ug/m3 LC","16","RESIDENTIAL ZONE","1","100.0000","88101","PM2.5 - Local Conditions","38660","Ponce, PR","72","Puerto Rico","059","Guayanilla","18.0451106018564","-66.8022530724567"
"04/02/2014","AQS","720590016","1","6.8","ug/m3 LC","28","RESIDENTIAL ZONE","1","100.0000","88101","PM2.5 - Local Conditions","38660","Ponce, PR","72","Puerto Rico","059","Guayanilla","18.0451106018564","-66.8022530724567"
"04/11/2014","AQS","720590016","1","2.9","ug/m3 LC","12","RESIDENTIAL ZONE","1","100.0000","88101","PM2.5 - Local Conditions","38660","Ponce, PR","72","Puerto Rico","059","Guayanilla","18.0451106018564","-66.8022530724567"
"05/11/2014","AQS","720590016","1","1.2","ug/m3 LC","5","RESIDENTIAL ZONE","1","100.0000","88101","PM2.5 - Local Conditions","38660","Ponce, PR","72","Puerto Rico","059","Guayanilla","18.0451106018564","-66.8022530724567"
"05/17/2014","AQS","720590016","1","4.5","ug/m3 LC","19","RESIDENTIAL ZONE","1","100.0000","88101","PM2.5 - Local Conditions","38660","Ponce, PR","72","Puerto Rico","059","Guayanilla","18.0451106018564","-66.8022530724567"
"05/20/2014","AQS","720590016","1","6.1","ug/m3 LC","25","RESIDENTIAL ZONE","1","100.0000","88101","PM2.5 - Local Conditions","38660","Ponce, PR","72","Puerto Rico","059","Guayanilla","18.0451106018564","-66.8022530724567"
"08/27/2014","AQS","720590016","1","11","ug/m3 LC","46","RESIDENTIAL ZONE","1","100.0000","88101","PM2.5 - Local Conditions","38660","Ponce, PR","72","Puerto Rico","059","Guayanilla","18.0451106018564","-66.8022530724567"
"08/30/2014","AQS","720590016","1","2.1","ug/m3 LC","9","RESIDENTIAL ZONE","1","100.0000","88101","PM2.5 - Local Conditions","38660","Ponce, PR","72","Puerto Rico","059","Guayanilla","18.0451106018564","-66.8022530724567"
"12/10/2014","AQS","720590016","1","5.4","ug/m3 LC","23","RESIDENTIAL ZONE","1","100.0000","88101","PM2.5 - Local Conditions","38660","Ponce, PR","72","Puerto Rico","059","Guayanilla","18.0451106018564","-66.8022530724567"
"12/13/2014","AQS","720590016","1","2.2","ug/m3 LC","9","RESIDENTIAL ZONE","1","100.0000","88101","PM2.5 - Local Conditions","38660","Ponce, PR","72","Puerto Rico","059","Guayanilla","18.0451106018564","-66.8022530724567"
"12/16/2014","AQS","720590016","1","2.5","ug/m3 LC","10","RESIDENTIAL ZONE","1","100.0000","88101","PM2.5 - Local Conditions","38660","Ponce, PR","72","Puerto Rico","059","Guayanilla","18.0451106018564","-66.8022530724567"
"12/19/2014","AQS","720590016","1","2.4","ug/m3 LC","10","RESIDENTIAL ZONE","1","100.0000","88101","PM2.5 - Local Conditions","38660","Ponce, PR","72","Puerto Rico","059","Guayanilla","18.0451106018564","-66.8022530724567"
"12/22/2014","AQS","720590016","1","3.9","ug/m3 LC","16","RESIDENTIAL ZONE","1","100.0000","88101","PM2.5 - Local Conditions","38660","Ponce, PR","72","Puerto Rico","059","Guayanilla","18.0451106018564","-66.8022530724567"
"01/02/2014","AQS","720610005","1","5","ug/m3 LC","21","Guaynabo","1","100.0000","88101","PM2.5 - Local Conditions","41980","San Juan-Carolina-Caguas, PR","72","Puerto Rico","061","Guaynabo","18.4400954089657","-66.1144597525592"
"01/05/2014","AQS","720610005","1","6","ug/m3 LC","25","Guaynabo","1","100.0000","88101","PM2.5 - Local Conditions","41980","San Juan-Carolina-Caguas, PR","72","Puerto Rico","061","Guaynabo","18.4400954089657","-66.1144597525592"
"01/08/2014","AQS","720610005","1","5.2","ug/m3 LC","22","Guaynabo","1","100.0000","88101","PM2.5 - Local Conditions","41980","San Juan-Carolina-Caguas, PR","72","Puerto Rico","061","Guaynabo","18.4400954089657","-66.1144597525592"
"01/11/2014","AQS","720610005","1","4","ug/m3 LC","17","Guaynabo","1","100.0000","88101","PM2.5 - Local Conditions","41980","San Juan-Carolina-Caguas, PR","72","Puerto Rico","061","Guaynabo","18.4400954089657","-66.1144597525592"
"01/14/2014","AQS","720610005","1","5.5","ug/m3 LC","23","Guaynabo","1","100.0000","88101","PM2.5 - Local Conditions","41980","San Juan-Carolina-Caguas, PR","72","Puerto Rico","061","Guaynabo","18.4400954089657","-66.1144597525592"
"01/17/2014","AQS","720610005","1","5.6","ug/m3 LC","23","Guaynabo","1","100.0000","88101","PM2.5 - Local Conditions","41980","San Juan-Carolina-Caguas, PR","72","Puerto Rico","061","Guaynabo","18.4400954089657","-66.1144597525592"
"01/20/2014","AQS","720610005","1","12","ug/m3 LC","50","Guaynabo","1","100.0000","88101","PM2.5 - Local Conditions","41980","San Juan-Carolina-Caguas, PR","72","Puerto Rico","061","Guaynabo","18.4400954089657","-66.1144597525592"
"01/23/2014","AQS","720610005","1","5.9","ug/m3 LC","25","Guaynabo","1","100.0000","88101","PM2.5 - Local Conditions","41980","San Juan-Carolina-Caguas, PR","72","Puerto Rico","061","Guaynabo","18.4400954089657","-66.1144597525592"
"01/26/2014","AQS","720610005","1","5.1","ug/m3 LC","21","Guaynabo","1","100.0000","88101","PM2.5 - Local Conditions","41980","San Juan-Carolina-Caguas, PR","72","Puerto Rico","061","Guaynabo","18.4400954089657","-66.1144597525592"
"02/19/2014","AQS","720610005","1","5","ug/m3 LC","21","Guaynabo","1","100.0000","88101","PM2.5 - Local Conditions","41980","San Juan-Carolina-Caguas, PR","72","Puerto Rico","061","Guaynabo","18.4400954089657","-66.1144597525592"
"02/22/2014","AQS","720610005","1","4.1","ug/m3 LC","17","Guaynabo","1","100.0000","88101","PM2.5 - Local Conditions","41980","San Juan-Carolina-Caguas, PR","72","Puerto Rico","061","Guaynabo","18.4400954089657","-66.1144597525592"
"03/03/2014","AQS","720610005","1","3.4","ug/m3 LC","14","Guaynabo","1","100.0000","88101","PM2.5 - Local Conditions","41980","San Juan-Carolina-Caguas, PR","72","Puerto Rico","061","Guaynabo","18.4400954089657","-66.1144597525592"
"03/06/2014","AQS","720610005","1","8.1","ug/m3 LC","34","Guaynabo","1","100.0000","88101","PM2.5 - Local Conditions","41980","San Juan-Carolina-Caguas, PR","72","Puerto Rico","061","Guaynabo","18.4400954089657","-66.1144597525592"
"03/09/2014","AQS","720610005","1","3.6","ug/m3 LC","15","Guaynabo","1","100.0000","88101","PM2.5 - Local Conditions","41980","San Juan-Carolina-Caguas, PR","72","Puerto Rico","061","Guaynabo","18.4400954089657","-66.1144597525592"
"03/12/2014","AQS","720610005","1","2.2","ug/m3 LC","9","Guaynabo","1","100.0000","88101","PM2.5 - Local Conditions","41980","San Juan-Carolina-Caguas, PR","72","Puerto Rico","061","Guaynabo","18.4400954089657","-66.1144597525592"
"03/15/2014","AQS","720610005","1","3","ug/m3 LC","13","Guaynabo","1","100.0000","88101","PM2.5 - Local Conditions","41980","San Juan-Carolina-Caguas, PR","72","Puerto Rico","061","Guaynabo","18.4400954089657","-66.1144597525592"
"03/18/2014","AQS","720610005","1","4.8","ug/m3 LC","20","Guaynabo","1","100.0000","88101","PM2.5 - Local Conditions","41980","San Juan-Carolina-Caguas, PR","72","Puerto Rico","061","Guaynabo","18.4400954089657","-66.1144597525592"
"03/21/2014","AQS","720610005","1","7.6","ug/m3 LC","32","Guaynabo","1","100.0000","88101","PM2.5 - Local Conditions","41980","San Juan-Carolina-Caguas, PR","72","Puerto Rico","061","Guaynabo","18.4400954089657","-66.1144597525592"
"03/24/2014","AQS","720610005","1","7.9","ug/m3 LC","33","Guaynabo","1","100.0000","88101","PM2.5 - Local Conditions","41980","San Juan-Carolina-Caguas, PR","72","Puerto Rico","061","Guaynabo","18.4400954089657","-66.1144597525592"
"03/27/2014","AQS","720610005","1","5.1","ug/m3 LC","21","Guaynabo","1","100.0000","88101","PM2.5 - Local Conditions","41980","San Juan-Carolina-Caguas, PR","72","Puerto Rico","061","Guaynabo","18.4400954089657","-66.1144597525592"
"03/30/2014","AQS","720610005","1","2.7","ug/m3 LC","11","Guaynabo","1","100.0000","88101","PM2.5 - Local Conditions","41980","San Juan-Carolina-Caguas, PR","72","Puerto Rico","061","Guaynabo","18.4400954089657","-66.1144597525592"
"04/02/2014","AQS","720610005","1","5.2","ug/m3 LC","22","Guaynabo","1","100.0000","88101","PM2.5 - Local Conditions","41980","San Juan-Carolina-Caguas, PR","72","Puerto Rico","061","Guaynabo","18.4400954089657","-66.1144597525592"
"04/05/2014","AQS","720610005","1","5","ug/m3 LC","21","Guaynabo","1","100.0000","88101","PM2.5 - Local Conditions","41980","San Juan-Carolina-Caguas, PR","72","Puerto Rico","061","Guaynabo","18.4400954089657","-66.1144597525592"
"04/08/2014","AQS","720610005","1","6.1","ug/m3 LC","25","Guaynabo","1","100.0000","88101","PM2.5 - Local Conditions","41980","San Juan-Carolina-Caguas, PR","72","Puerto Rico","061","Guaynabo","18.4400954089657","-66.1144597525592"
"04/11/2014","AQS","720610005","1","5.7","ug/m3 LC","24","Guaynabo","1","100.0000","88101","PM2.5 - Local Conditions","41980","San Juan-Carolina-Caguas, PR","72","Puerto Rico","061","Guaynabo","18.4400954089657","-66.1144597525592"
"04/14/2014","AQS","720610005","1","5.5","ug/m3 LC","23","Guaynabo","1","100.0000","88101","PM2.5 - Local Conditions","41980","San Juan-Carolina-Caguas, PR","72","Puerto Rico","061","Guaynabo","18.4400954089657","-66.1144597525592"
"04/17/2014","AQS","720610005","1","2.8","ug/m3 LC","12","Guaynabo","1","100.0000","88101","PM2.5 - Local Conditions","41980","San Juan-Carolina-Caguas, PR","72","Puerto Rico","061","Guaynabo","18.4400954089657","-66.1144597525592"
"04/20/2014","AQS","720610005","1","4.5","ug/m3 LC","19","Guaynabo","1","100.0000","88101","PM2.5 - Local Conditions","41980","San Juan-Carolina-Caguas, PR","72","Puerto Rico","061","Guaynabo","18.4400954089657","-66.1144597525592"
"04/23/2014","AQS","720610005","1","9.3","ug/m3 LC","39","Guaynabo","1","100.0000","88101","PM2.5 - Local Conditions","41980","San Juan-Carolina-Caguas, PR","72","Puerto Rico","061","Guaynabo","18.4400954089657","-66.1144597525592"
"04/26/2014","AQS","720610005","1","13.4","ug/m3 LC","54","Guaynabo","1","100.0000","88101","PM2.5 - Local Conditions","41980","San Juan-Carolina-Caguas, PR","72","Puerto Rico","061","Guaynabo","18.4400954089657","-66.1144597525592"
"04/29/2014","AQS","720610005","1","7.3","ug/m3 LC","30","Guaynabo","1","100.0000","88101","PM2.5 - Local Conditions","41980","San Juan-Carolina-Caguas, PR","72","Puerto Rico","061","Guaynabo","18.4400954089657","-66.1144597525592"
"05/02/2014","AQS","720610005","1","6.6","ug/m3 LC","28","Guaynabo","1","100.0000","88101","PM2.5 - Local Conditions","41980","San Juan-Carolina-Caguas, PR","72","Puerto Rico","061","Guaynabo","18.4400954089657","-66.1144597525592"
"05/05/2014","AQS","720610005","1","7.5","ug/m3 LC","31","Guaynabo","1","100.0000","88101","PM2.5 - Local Conditions","41980","San Juan-Carolina-Caguas, PR","72","Puerto Rico","061","Guaynabo","18.4400954089657","-66.1144597525592"
"05/08/2014","AQS","720610005","1","4.8","ug/m3 LC","20","Guaynabo","1","100.0000","88101","PM2.5 - Local Conditions","41980","San Juan-Carolina-Caguas, PR","72","Puerto Rico","061","Guaynabo","18.4400954089657","-66.1144597525592"
"05/11/2014","AQS","720610005","1","2.6","ug/m3 LC","11","Guaynabo","1","100.0000","88101","PM2.5 - Local Conditions","41980","San Juan-Carolina-Caguas, PR","72","Puerto Rico","061","Guaynabo","18.4400954089657","-66.1144597525592"
"05/14/2014","AQS","720610005","1","4.4","ug/m3 LC","18","Guaynabo","1","100.0000","88101","PM2.5 - Local Conditions","41980","San Juan-Carolina-Caguas, PR","72","Puerto Rico","061","Guaynabo","18.4400954089657","-66.1144597525592"
"05/17/2014","AQS","720610005","1","3.5","ug/m3 LC","15","Guaynabo","1","100.0000","88101","PM2.5 - Local Conditions","41980","San Juan-Carolina-Caguas, PR","72","Puerto Rico","061","Guaynabo","18.4400954089657","-66.1144597525592"
"05/20/2014","AQS","720610005","1","7","ug/m3 LC","29","Guaynabo","1","100.0000","88101","PM2.5 - Local Conditions","41980","San Juan-Carolina-Caguas, PR","72","Puerto Rico","061","Guaynabo","18.4400954089657","-66.1144597525592"
"05/26/2014","AQS","720610005","1","2.6","ug/m3 LC","11","Guaynabo","1","100.0000","88101","PM2.5 - Local Conditions","41980","San Juan-Carolina-Caguas, PR","72","Puerto Rico","061","Guaynabo","18.4400954089657","-66.1144597525592"
"05/29/2014","AQS","720610005","1","4.2","ug/m3 LC","18","Guaynabo","1","100.0000","88101","PM2.5 - Local Conditions","41980","San Juan-Carolina-Caguas, PR","72","Puerto Rico","061","Guaynabo","18.4400954089657","-66.1144597525592"
"06/01/2014","AQS","720610005","1","7.8","ug/m3 LC","33","Guaynabo","1","100.0000","88101","PM2.5 - Local Conditions","41980","San Juan-Carolina-Caguas, PR","72","Puerto Rico","061","Guaynabo","18.4400954089657","-66.1144597525592"
"06/04/2014","AQS","720610005","1","13.9","ug/m3 LC","55","Guaynabo","1","100.0000","88101","PM2.5 - Local Conditions","41980","San Juan-Carolina-Caguas, PR","72","Puerto Rico","061","Guaynabo","18.4400954089657","-66.1144597525592"
"06/07/2014","AQS","720610005","1","1.3","ug/m3 LC","5","Guaynabo","1","100.0000","88101","PM2.5 - Local Conditions","41980","San Juan-Carolina-Caguas, PR","72","Puerto Rico","061","Guaynabo","18.4400954089657","-66.1144597525592"
"06/10/2014","AQS","720610005","1","6.4","ug/m3 LC","27","Guaynabo","1","100.0000","88101","PM2.5 - Local Conditions","41980","San Juan-Carolina-Caguas, PR","72","Puerto Rico","061","Guaynabo","18.4400954089657","-66.1144597525592"
"06/13/2014","AQS","720610005","1","8.9","ug/m3 LC","37","Guaynabo","1","100.0000","88101","PM2.5 - Local Conditions","41980","San Juan-Carolina-Caguas, PR","72","Puerto Rico","061","Guaynabo","18.4400954089657","-66.1144597525592"
"06/19/2014","AQS","720610005","1","9.5","ug/m3 LC","40","Guaynabo","1","100.0000","88101","PM2.5 - Local Conditions","41980","San Juan-Carolina-Caguas, PR","72","Puerto Rico","061","Guaynabo","18.4400954089657","-66.1144597525592"
"06/25/2014","AQS","720610005","1","9.6","ug/m3 LC","40","Guaynabo","1","100.0000","88101","PM2.5 - Local Conditions","41980","San Juan-Carolina-Caguas, PR","72","Puerto Rico","061","Guaynabo","18.4400954089657","-66.1144597525592"
"06/28/2014","AQS","720610005","1","5.1","ug/m3 LC","21","Guaynabo","1","100.0000","88101","PM2.5 - Local Conditions","41980","San Juan-Carolina-Caguas, PR","72","Puerto Rico","061","Guaynabo","18.4400954089657","-66.1144597525592"
"07/01/2014","AQS","720610005","1","15.6","ug/m3 LC","58","Guaynabo","1","100.0000","88101","PM2.5 - Local Conditions","41980","San Juan-Carolina-Caguas, PR","72","Puerto Rico","061","Guaynabo","18.4400954089657","-66.1144597525592"
"07/04/2014","AQS","720610005","1","3","ug/m3 LC","13","Guaynabo","1","100.0000","88101","PM2.5 - Local Conditions","41980","San Juan-Carolina-Caguas, PR","72","Puerto Rico","061","Guaynabo","18.4400954089657","-66.1144597525592"
"12/04/2014","AQS","720610005","1","4","ug/m3 LC","17","Guaynabo","1","100.0000","88101","PM2.5 - Local Conditions","41980","San Juan-Carolina-Caguas, PR","72","Puerto Rico","061","Guaynabo","18.4400954089657","-66.1144597525592"
"12/07/2014","AQS","720610005","1","3.9","ug/m3 LC","16","Guaynabo","1","100.0000","88101","PM2.5 - Local Conditions","41980","San Juan-Carolina-Caguas, PR","72","Puerto Rico","061","Guaynabo","18.4400954089657","-66.1144597525592"
"12/10/2014","AQS","720610005","1","6.5","ug/m3 LC","27","Guaynabo","1","100.0000","88101","PM2.5 - Local Conditions","41980","San Juan-Carolina-Caguas, PR","72","Puerto Rico","061","Guaynabo","18.4400954089657","-66.1144597525592"
"12/13/2014","AQS","720610005","1","3.2","ug/m3 LC","13","Guaynabo","1","100.0000","88101","PM2.5 - Local Conditions","41980","San Juan-Carolina-Caguas, PR","72","Puerto Rico","061","Guaynabo","18.4400954089657","-66.1144597525592"
"12/16/2014","AQS","720610005","1","5","ug/m3 LC","21","Guaynabo","1","100.0000","88101","PM2.5 - Local Conditions","41980","San Juan-Carolina-Caguas, PR","72","Puerto Rico","061","Guaynabo","18.4400954089657","-66.1144597525592"
"01/05/2014","AQS","720610005","2","7.5","ug/m3 LC","31","Guaynabo","1","100.0000","88101","PM2.5 - Local Conditions","41980","San Juan-Carolina-Caguas, PR","72","Puerto Rico","061","Guaynabo","18.4400954089657","-66.1144597525592"
"01/11/2014","AQS","720610005","2","4.4","ug/m3 LC","18","Guaynabo","1","100.0000","88101","PM2.5 - Local Conditions","41980","San Juan-Carolina-Caguas, PR","72","Puerto Rico","061","Guaynabo","18.4400954089657","-66.1144597525592"
"01/17/2014","AQS","720610005","2","5.9","ug/m3 LC","25","Guaynabo","1","100.0000","88101","PM2.5 - Local Conditions","41980","San Juan-Carolina-Caguas, PR","72","Puerto Rico","061","Guaynabo","18.4400954089657","-66.1144597525592"
"01/23/2014","AQS","720610005","2","6","ug/m3 LC","25","Guaynabo","1","100.0000","88101","PM2.5 - Local Conditions","41980","San Juan-Carolina-Caguas, PR","72","Puerto Rico","061","Guaynabo","18.4400954089657","-66.1144597525592"
"02/16/2014","AQS","720610005","2","5.8","ug/m3 LC","24","Guaynabo","1","100.0000","88101","PM2.5 - Local Conditions","41980","San Juan-Carolina-Caguas, PR","72","Puerto Rico","061","Guaynabo","18.4400954089657","-66.1144597525592"
"02/22/2014","AQS","720610005","2","4","ug/m3 LC","17","Guaynabo","1","100.0000","88101","PM2.5 - Local Conditions","41980","San Juan-Carolina-Caguas, PR","72","Puerto Rico","061","Guaynabo","18.4400954089657","-66.1144597525592"
"02/28/2014","AQS","720610005","2","5.2","ug/m3 LC","22","Guaynabo","1","100.0000","88101","PM2.5 - Local Conditions","41980","San Juan-Carolina-Caguas, PR","72","Puerto Rico","061","Guaynabo","18.4400954089657","-66.1144597525592"
"03/06/2014","AQS","720610005","2","8.1","ug/m3 LC","34","Guaynabo","1","100.0000","88101","PM2.5 - Local Conditions","41980","San Juan-Carolina-Caguas, PR","72","Puerto Rico","061","Guaynabo","18.4400954089657","-66.1144597525592"
"03/12/2014","AQS","720610005","2","5.1","ug/m3 LC","21","Guaynabo","1","100.0000","88101","PM2.5 - Local Conditions","41980","San Juan-Carolina-Caguas, PR","72","Puerto Rico","061","Guaynabo","18.4400954089657","-66.1144597525592"
"03/18/2014","AQS","720610005","2","3.7","ug/m3 LC","15","Guaynabo","1","100.0000","88101","PM2.5 - Local Conditions","41980","San Juan-Carolina-Caguas, PR","72","Puerto Rico","061","Guaynabo","18.4400954089657","-66.1144597525592"
"03/24/2014","AQS","720610005","2","8.2","ug/m3 LC","34","Guaynabo","1","100.0000","88101","PM2.5 - Local Conditions","41980","San Juan-Carolina-Caguas, PR","72","Puerto Rico","061","Guaynabo","18.4400954089657","-66.1144597525592"
"03/30/2014","AQS","720610005","2","3.5","ug/m3 LC","15","Guaynabo","1","100.0000","88101","PM2.5 - Local Conditions","41980","San Juan-Carolina-Caguas, PR","72","Puerto Rico","061","Guaynabo","18.4400954089657","-66.1144597525592"
"04/05/2014","AQS","720610005","2","7","ug/m3 LC","29","Guaynabo","1","100.0000","88101","PM2.5 - Local Conditions","41980","San Juan-Carolina-Caguas, PR","72","Puerto Rico","061","Guaynabo","18.4400954089657","-66.1144597525592"
"04/11/2014","AQS","720610005","2","5.1","ug/m3 LC","21","Guaynabo","1","100.0000","88101","PM2.5 - Local Conditions","41980","San Juan-Carolina-Caguas, PR","72","Puerto Rico","061","Guaynabo","18.4400954089657","-66.1144597525592"
"04/17/2014","AQS","720610005","2","3.3","ug/m3 LC","14","Guaynabo","1","100.0000","88101","PM2.5 - Local Conditions","41980","San Juan-Carolina-Caguas, PR","72","Puerto Rico","061","Guaynabo","18.4400954089657","-66.1144597525592"
"04/23/2014","AQS","720610005","2","9","ug/m3 LC","38","Guaynabo","1","100.0000","88101","PM2.5 - Local Conditions","41980","San Juan-Carolina-Caguas, PR","72","Puerto Rico","061","Guaynabo","18.4400954089657","-66.1144597525592"
"04/29/2014","AQS","720610005","2","7.8","ug/m3 LC","33","Guaynabo","1","100.0000","88101","PM2.5 - Local Conditions","41980","San Juan-Carolina-Caguas, PR","72","Puerto Rico","061","Guaynabo","18.4400954089657","-66.1144597525592"
"01/02/2014","AQS","720690001","1","2.6","ug/m3 LC","11","ABOVE VICTOR RICON SCHOOL ROOF, BARRIO JUNQUITO, HUMACAO","1","100.0000","88101","PM2.5 - Local Conditions","41980","San Juan-Carolina-Caguas, PR","72","Puerto Rico","069","Humacao","18.15343985314","-65.828616830167"
"01/05/2014","AQS","720690001","1","7","ug/m3 LC","29","ABOVE VICTOR RICON SCHOOL ROOF, BARRIO JUNQUITO, HUMACAO","1","100.0000","88101","PM2.5 - Local Conditions","41980","San Juan-Carolina-Caguas, PR","72","Puerto Rico","069","Humacao","18.15343985314","-65.828616830167"
"01/08/2014","AQS","720690001","1","3","ug/m3 LC","13","ABOVE VICTOR RICON SCHOOL ROOF, BARRIO JUNQUITO, HUMACAO","1","100.0000","88101","PM2.5 - Local Conditions","41980","San Juan-Carolina-Caguas, PR","72","Puerto Rico","069","Humacao","18.15343985314","-65.828616830167"
"01/11/2014","AQS","720690001","1","2.3","ug/m3 LC","10","ABOVE VICTOR RICON SCHOOL ROOF, BARRIO JUNQUITO, HUMACAO","1","100.0000","88101","PM2.5 - Local Conditions","41980","San Juan-Carolina-Caguas, PR","72","Puerto Rico","069","Humacao","18.15343985314","-65.828616830167"
"01/14/2014","AQS","720690001","1","2.1","ug/m3 LC","9","ABOVE VICTOR RICON SCHOOL ROOF, BARRIO JUNQUITO, HUMACAO","1","100.0000","88101","PM2.5 - Local Conditions","41980","San Juan-Carolina-Caguas, PR","72","Puerto Rico","069","Humacao","18.15343985314","-65.828616830167"
"01/17/2014","AQS","720690001","1","1.9","ug/m3 LC","8","ABOVE VICTOR RICON SCHOOL ROOF, BARRIO JUNQUITO, HUMACAO","1","100.0000","88101","PM2.5 - Local Conditions","41980","San Juan-Carolina-Caguas, PR","72","Puerto Rico","069","Humacao","18.15343985314","-65.828616830167"
"01/20/2014","AQS","720690001","1","7.5","ug/m3 LC","31","ABOVE VICTOR RICON SCHOOL ROOF, BARRIO JUNQUITO, HUMACAO","1","100.0000","88101","PM2.5 - Local Conditions","41980","San Juan-Carolina-Caguas, PR","72","Puerto Rico","069","Humacao","18.15343985314","-65.828616830167"
"01/23/2014","AQS","720690001","1","3","ug/m3 LC","13","ABOVE VICTOR RICON SCHOOL ROOF, BARRIO JUNQUITO, HUMACAO","1","100.0000","88101","PM2.5 - Local Conditions","41980","San Juan-Carolina-Caguas, PR","72","Puerto Rico","069","Humacao","18.15343985314","-65.828616830167"
"02/16/2014","AQS","720690001","1","5.2","ug/m3 LC","22","ABOVE VICTOR RICON SCHOOL ROOF, BARRIO JUNQUITO, HUMACAO","1","100.0000","88101","PM2.5 - Local Conditions","41980","San Juan-Carolina-Caguas, PR","72","Puerto Rico","069","Humacao","18.15343985314","-65.828616830167"
"02/19/2014","AQS","720690001","1","1.9","ug/m3 LC","8","ABOVE VICTOR RICON SCHOOL ROOF, BARRIO JUNQUITO, HUMACAO","1","100.0000","88101","PM2.5 - Local Conditions","41980","San Juan-Carolina-Caguas, PR","72","Puerto Rico","069","Humacao","18.15343985314","-65.828616830167"
"02/22/2014","AQS","720690001","1","2.3","ug/m3 LC","10","ABOVE VICTOR RICON SCHOOL ROOF, BARRIO JUNQUITO, HUMACAO","1","100.0000","88101","PM2.5 - Local Conditions","41980","San Juan-Carolina-Caguas, PR","72","Puerto Rico","069","Humacao","18.15343985314","-65.828616830167"
"03/03/2014","AQS","720690001","1","1.5","ug/m3 LC","6","ABOVE VICTOR RICON SCHOOL ROOF, BARRIO JUNQUITO, HUMACAO","1","100.0000","88101","PM2.5 - Local Conditions","41980","San Juan-Carolina-Caguas, PR","72","Puerto Rico","069","Humacao","18.15343985314","-65.828616830167"
"03/06/2014","AQS","720690001","1","6","ug/m3 LC","25","ABOVE VICTOR RICON SCHOOL ROOF, BARRIO JUNQUITO, HUMACAO","1","100.0000","88101","PM2.5 - Local Conditions","41980","San Juan-Carolina-Caguas, PR","72","Puerto Rico","069","Humacao","18.15343985314","-65.828616830167"
"03/12/2014","AQS","720690001","1","2","ug/m3 LC","8","ABOVE VICTOR RICON SCHOOL ROOF, BARRIO JUNQUITO, HUMACAO","1","100.0000","88101","PM2.5 - Local Conditions","41980","San Juan-Carolina-Caguas, PR","72","Puerto Rico","069","Humacao","18.15343985314","-65.828616830167"
"03/15/2014","AQS","720690001","1","2.4","ug/m3 LC","10","ABOVE VICTOR RICON SCHOOL ROOF, BARRIO JUNQUITO, HUMACAO","1","100.0000","88101","PM2.5 - Local Conditions","41980","San Juan-Carolina-Caguas, PR","72","Puerto Rico","069","Humacao","18.15343985314","-65.828616830167"
"03/18/2014","AQS","720690001","1","3.3","ug/m3 LC","14","ABOVE VICTOR RICON SCHOOL ROOF, BARRIO JUNQUITO, HUMACAO","1","100.0000","88101","PM2.5 - Local Conditions","41980","San Juan-Carolina-Caguas, PR","72","Puerto Rico","069","Humacao","18.15343985314","-65.828616830167"
"03/21/2014","AQS","720690001","1","7","ug/m3 LC","29","ABOVE VICTOR RICON SCHOOL ROOF, BARRIO JUNQUITO, HUMACAO","1","100.0000","88101","PM2.5 - Local Conditions","41980","San Juan-Carolina-Caguas, PR","72","Puerto Rico","069","Humacao","18.15343985314","-65.828616830167"
"03/24/2014","AQS","720690001","1","8.3","ug/m3 LC","35","ABOVE VICTOR RICON SCHOOL ROOF, BARRIO JUNQUITO, HUMACAO","1","100.0000","88101","PM2.5 - Local Conditions","41980","San Juan-Carolina-Caguas, PR","72","Puerto Rico","069","Humacao","18.15343985314","-65.828616830167"
"03/27/2014","AQS","720690001","1","1.2","ug/m3 LC","5","ABOVE VICTOR RICON SCHOOL ROOF, BARRIO JUNQUITO, HUMACAO","1","100.0000","88101","PM2.5 - Local Conditions","41980","San Juan-Carolina-Caguas, PR","72","Puerto Rico","069","Humacao","18.15343985314","-65.828616830167"
"04/02/2014","AQS","720690001","1","5.6","ug/m3 LC","23","ABOVE VICTOR RICON SCHOOL ROOF, BARRIO JUNQUITO, HUMACAO","1","100.0000","88101","PM2.5 - Local Conditions","41980","San Juan-Carolina-Caguas, PR","72","Puerto Rico","069","Humacao","18.15343985314","-65.828616830167"
"04/05/2014","AQS","720690001","1","4.6","ug/m3 LC","19","ABOVE VICTOR RICON SCHOOL ROOF, BARRIO JUNQUITO, HUMACAO","1","100.0000","88101","PM2.5 - Local Conditions","41980","San Juan-Carolina-Caguas, PR","72","Puerto Rico","069","Humacao","18.15343985314","-65.828616830167"
"04/08/2014","AQS","720690001","1","5.3","ug/m3 LC","22","ABOVE VICTOR RICON SCHOOL ROOF, BARRIO JUNQUITO, HUMACAO","1","100.0000","88101","PM2.5 - Local Conditions","41980","San Juan-Carolina-Caguas, PR","72","Puerto Rico","069","Humacao","18.15343985314","-65.828616830167"
"04/11/2014","AQS","720690001","1","4.9","ug/m3 LC","20","ABOVE VICTOR RICON SCHOOL ROOF, BARRIO JUNQUITO, HUMACAO","1","100.0000","88101","PM2.5 - Local Conditions","41980","San Juan-Carolina-Caguas, PR","72","Puerto Rico","069","Humacao","18.15343985314","-65.828616830167"
"04/14/2014","AQS","720690001","1","2.5","ug/m3 LC","10","ABOVE VICTOR RICON SCHOOL ROOF, BARRIO JUNQUITO, HUMACAO","1","100.0000","88101","PM2.5 - Local Conditions","41980","San Juan-Carolina-Caguas, PR","72","Puerto Rico","069","Humacao","18.15343985314","-65.828616830167"
"04/20/2014","AQS","720690001","1","0.6","ug/m3 LC","3","ABOVE VICTOR RICON SCHOOL ROOF, BARRIO JUNQUITO, HUMACAO","1","100.0000","88101","PM2.5 - Local Conditions","41980","San Juan-Carolina-Caguas, PR","72","Puerto Rico","069","Humacao","18.15343985314","-65.828616830167"
"04/23/2014","AQS","720690001","1","4.5","ug/m3 LC","19","ABOVE VICTOR RICON SCHOOL ROOF, BARRIO JUNQUITO, HUMACAO","1","100.0000","88101","PM2.5 - Local Conditions","41980","San Juan-Carolina-Caguas, PR","72","Puerto Rico","069","Humacao","18.15343985314","-65.828616830167"
"04/26/2014","AQS","720690001","1","9.5","ug/m3 LC","40","ABOVE VICTOR RICON SCHOOL ROOF, BARRIO JUNQUITO, HUMACAO","1","100.0000","88101","PM2.5 - Local Conditions","41980","San Juan-Carolina-Caguas, PR","72","Puerto Rico","069","Humacao","18.15343985314","-65.828616830167"
"04/29/2014","AQS","720690001","1","5","ug/m3 LC","21","ABOVE VICTOR RICON SCHOOL ROOF, BARRIO JUNQUITO, HUMACAO","1","100.0000","88101","PM2.5 - Local Conditions","41980","San Juan-Carolina-Caguas, PR","72","Puerto Rico","069","Humacao","18.15343985314","-65.828616830167"
"05/02/2014","AQS","720690001","1","4.3","ug/m3 LC","18","ABOVE VICTOR RICON SCHOOL ROOF, BARRIO JUNQUITO, HUMACAO","1","100.0000","88101","PM2.5 - Local Conditions","41980","San Juan-Carolina-Caguas, PR","72","Puerto Rico","069","Humacao","18.15343985314","-65.828616830167"
"05/05/2014","AQS","720690001","1","7.9","ug/m3 LC","33","ABOVE VICTOR RICON SCHOOL ROOF, BARRIO JUNQUITO, HUMACAO","1","100.0000","88101","PM2.5 - Local Conditions","41980","San Juan-Carolina-Caguas, PR","72","Puerto Rico","069","Humacao","18.15343985314","-65.828616830167"
"05/08/2014","AQS","720690001","1","3.8","ug/m3 LC","16","ABOVE VICTOR RICON SCHOOL ROOF, BARRIO JUNQUITO, HUMACAO","1","100.0000","88101","PM2.5 - Local Conditions","41980","San Juan-Carolina-Caguas, PR","72","Puerto Rico","069","Humacao","18.15343985314","-65.828616830167"
"05/11/2014","AQS","720690001","1","2.7","ug/m3 LC","11","ABOVE VICTOR RICON SCHOOL ROOF, BARRIO JUNQUITO, HUMACAO","1","100.0000","88101","PM2.5 - Local Conditions","41980","San Juan-Carolina-Caguas, PR","72","Puerto Rico","069","Humacao","18.15343985314","-65.828616830167"
"05/14/2014","AQS","720690001","1","4.6","ug/m3 LC","19","ABOVE VICTOR RICON SCHOOL ROOF, BARRIO JUNQUITO, HUMACAO","1","100.0000","88101","PM2.5 - Local Conditions","41980","San Juan-Carolina-Caguas, PR","72","Puerto Rico","069","Humacao","18.15343985314","-65.828616830167"
"05/17/2014","AQS","720690001","1","2.8","ug/m3 LC","12","ABOVE VICTOR RICON SCHOOL ROOF, BARRIO JUNQUITO, HUMACAO","1","100.0000","88101","PM2.5 - Local Conditions","41980","San Juan-Carolina-Caguas, PR","72","Puerto Rico","069","Humacao","18.15343985314","-65.828616830167"
"05/20/2014","AQS","720690001","1","8.4","ug/m3 LC","35","ABOVE VICTOR RICON SCHOOL ROOF, BARRIO JUNQUITO, HUMACAO","1","100.0000","88101","PM2.5 - Local Conditions","41980","San Juan-Carolina-Caguas, PR","72","Puerto Rico","069","Humacao","18.15343985314","-65.828616830167"
"05/23/2014","AQS","720690001","1","6.5","ug/m3 LC","27","ABOVE VICTOR RICON SCHOOL ROOF, BARRIO JUNQUITO, HUMACAO","1","100.0000","88101","PM2.5 - Local Conditions","41980","San Juan-Carolina-Caguas, PR","72","Puerto Rico","069","Humacao","18.15343985314","-65.828616830167"
"05/26/2014","AQS","720690001","1","3.4","ug/m3 LC","14","ABOVE VICTOR RICON SCHOOL ROOF, BARRIO JUNQUITO, HUMACAO","1","100.0000","88101","PM2.5 - Local Conditions","41980","San Juan-Carolina-Caguas, PR","72","Puerto Rico","069","Humacao","18.15343985314","-65.828616830167"
"05/29/2014","AQS","720690001","1","3.8","ug/m3 LC","16","ABOVE VICTOR RICON SCHOOL ROOF, BARRIO JUNQUITO, HUMACAO","1","100.0000","88101","PM2.5 - Local Conditions","41980","San Juan-Carolina-Caguas, PR","72","Puerto Rico","069","Humacao","18.15343985314","-65.828616830167"
"06/01/2014","AQS","720690001","1","8.1","ug/m3 LC","34","ABOVE VICTOR RICON SCHOOL ROOF, BARRIO JUNQUITO, HUMACAO","1","100.0000","88101","PM2.5 - Local Conditions","41980","San Juan-Carolina-Caguas, PR","72","Puerto Rico","069","Humacao","18.15343985314","-65.828616830167"
"06/04/2014","AQS","720690001","1","13.1","ug/m3 LC","53","ABOVE VICTOR RICON SCHOOL ROOF, BARRIO JUNQUITO, HUMACAO","1","100.0000","88101","PM2.5 - Local Conditions","41980","San Juan-Carolina-Caguas, PR","72","Puerto Rico","069","Humacao","18.15343985314","-65.828616830167"
"06/07/2014","AQS","720690001","1","6.3","ug/m3 LC","26","ABOVE VICTOR RICON SCHOOL ROOF, BARRIO JUNQUITO, HUMACAO","1","100.0000","88101","PM2.5 - Local Conditions","41980","San Juan-Carolina-Caguas, PR","72","Puerto Rico","069","Humacao","18.15343985314","-65.828616830167"
"06/10/2014","AQS","720690001","1","7.8","ug/m3 LC","33","ABOVE VICTOR RICON SCHOOL ROOF, BARRIO JUNQUITO, HUMACAO","1","100.0000","88101","PM2.5 - Local Conditions","41980","San Juan-Carolina-Caguas, PR","72","Puerto Rico","069","Humacao","18.15343985314","-65.828616830167"
"06/13/2014","AQS","720690001","1","4.3","ug/m3 LC","18","ABOVE VICTOR RICON SCHOOL ROOF, BARRIO JUNQUITO, HUMACAO","1","100.0000","88101","PM2.5 - Local Conditions","41980","San Juan-Carolina-Caguas, PR","72","Puerto Rico","069","Humacao","18.15343985314","-65.828616830167"
"06/22/2014","AQS","720690001","1","3.1","ug/m3 LC","13","ABOVE VICTOR RICON SCHOOL ROOF, BARRIO JUNQUITO, HUMACAO","1","100.0000","88101","PM2.5 - Local Conditions","41980","San Juan-Carolina-Caguas, PR","72","Puerto Rico","069","Humacao","18.15343985314","-65.828616830167"
"06/25/2014","AQS","720690001","1","4.8","ug/m3 LC","20","ABOVE VICTOR RICON SCHOOL ROOF, BARRIO JUNQUITO, HUMACAO","1","100.0000","88101","PM2.5 - Local Conditions","41980","San Juan-Carolina-Caguas, PR","72","Puerto Rico","069","Humacao","18.15343985314","-65.828616830167"
"06/28/2014","AQS","720690001","1","4.5","ug/m3 LC","19","ABOVE VICTOR RICON SCHOOL ROOF, BARRIO JUNQUITO, HUMACAO","1","100.0000","88101","PM2.5 - Local Conditions","41980","San Juan-Carolina-Caguas, PR","72","Puerto Rico","069","Humacao","18.15343985314","-65.828616830167"
"12/04/2014","AQS","720690001","1","1.5","ug/m3 LC","6","ABOVE VICTOR RICON SCHOOL ROOF, BARRIO JUNQUITO, HUMACAO","1","100.0000","88101","PM2.5 - Local Conditions","41980","San Juan-Carolina-Caguas, PR","72","Puerto Rico","069","Humacao","18.15343985314","-65.828616830167"
"12/07/2014","AQS","720690001","1","2.9","ug/m3 LC","12","ABOVE VICTOR RICON SCHOOL ROOF, BARRIO JUNQUITO, HUMACAO","1","100.0000","88101","PM2.5 - Local Conditions","41980","San Juan-Carolina-Caguas, PR","72","Puerto Rico","069","Humacao","18.15343985314","-65.828616830167"
"12/10/2014","AQS","720690001","1","3.6","ug/m3 LC","15","ABOVE VICTOR RICON SCHOOL ROOF, BARRIO JUNQUITO, HUMACAO","1","100.0000","88101","PM2.5 - Local Conditions","41980","San Juan-Carolina-Caguas, PR","72","Puerto Rico","069","Humacao","18.15343985314","-65.828616830167"
"12/13/2014","AQS","720690001","1","2.2","ug/m3 LC","9","ABOVE VICTOR RICON SCHOOL ROOF, BARRIO JUNQUITO, HUMACAO","1","100.0000","88101","PM2.5 - Local Conditions","41980","San Juan-Carolina-Caguas, PR","72","Puerto Rico","069","Humacao","18.15343985314","-65.828616830167"
"12/19/2014","AQS","720690001","1","2","ug/m3 LC","8","ABOVE VICTOR RICON SCHOOL ROOF, BARRIO JUNQUITO, HUMACAO","1","100.0000","88101","PM2.5 - Local Conditions","41980","San Juan-Carolina-Caguas, PR","72","Puerto Rico","069","Humacao","18.15343985314","-65.828616830167"
"01/11/2014","AQS","720970006","1","3.2","ug/m3 LC","13","Mayaguez","1","100.0000","88101","PM2.5 - Local Conditions","32420","Mayaguez, PR","72","Puerto Rico","097","Mayagnez","18.2000989181936","-67.14587983982"
"01/14/2014","AQS","720970006","1","2.7","ug/m3 LC","11","Mayaguez","1","100.0000","88101","PM2.5 - Local Conditions","32420","Mayaguez, PR","72","Puerto Rico","097","Mayagnez","18.2000989181936","-67.14587983982"
"01/17/2014","AQS","720970006","1","2","ug/m3 LC","8","Mayaguez","1","100.0000","88101","PM2.5 - Local Conditions","32420","Mayaguez, PR","72","Puerto Rico","097","Mayagnez","18.2000989181936","-67.14587983982"
"01/20/2014","AQS","720970006","1","10.2","ug/m3 LC","43","Mayaguez","1","100.0000","88101","PM2.5 - Local Conditions","32420","Mayaguez, PR","72","Puerto Rico","097","Mayagnez","18.2000989181936","-67.14587983982"
"02/13/2014","AQS","720970006","1","4.4","ug/m3 LC","18","Mayaguez","1","100.0000","88101","PM2.5 - Local Conditions","32420","Mayaguez, PR","72","Puerto Rico","097","Mayagnez","18.2000989181936","-67.14587983982"
"02/16/2014","AQS","720970006","1","5.2","ug/m3 LC","22","Mayaguez","1","100.0000","88101","PM2.5 - Local Conditions","32420","Mayaguez, PR","72","Puerto Rico","097","Mayagnez","18.2000989181936","-67.14587983982"
"02/19/2014","AQS","720970006","1","4.6","ug/m3 LC","19","Mayaguez","1","100.0000","88101","PM2.5 - Local Conditions","32420","Mayaguez, PR","72","Puerto Rico","097","Mayagnez","18.2000989181936","-67.14587983982"
"02/22/2014","AQS","720970006","1","3.1","ug/m3 LC","13","Mayaguez","1","100.0000","88101","PM2.5 - Local Conditions","32420","Mayaguez, PR","72","Puerto Rico","097","Mayagnez","18.2000989181936","-67.14587983982"
"02/25/2014","AQS","720970006","1","4.2","ug/m3 LC","18","Mayaguez","1","100.0000","88101","PM2.5 - Local Conditions","32420","Mayaguez, PR","72","Puerto Rico","097","Mayagnez","18.2000989181936","-67.14587983982"
"01/02/2014","AQS","721130004","1","2.8","ug/m3 LC","12","RESIDENTIAL AREA","1","100.0000","88101","PM2.5 - Local Conditions","38660","Ponce, PR","72","Puerto Rico","113","Ponce","18.0095583121712","-66.6272491577955"
"01/05/2014","AQS","721130004","1","6.2","ug/m3 LC","26","RESIDENTIAL AREA","1","100.0000","88101","PM2.5 - Local Conditions","38660","Ponce, PR","72","Puerto Rico","113","Ponce","18.0095583121712","-66.6272491577955"
"01/08/2014","AQS","721130004","1","3.2","ug/m3 LC","13","RESIDENTIAL AREA","1","100.0000","88101","PM2.5 - Local Conditions","38660","Ponce, PR","72","Puerto Rico","113","Ponce","18.0095583121712","-66.6272491577955"
"01/11/2014","AQS","721130004","1","3.2","ug/m3 LC","13","RESIDENTIAL AREA","1","100.0000","88101","PM2.5 - Local Conditions","38660","Ponce, PR","72","Puerto Rico","113","Ponce","18.0095583121712","-66.6272491577955"
"01/14/2014","AQS","721130004","1","2.7","ug/m3 LC","11","RESIDENTIAL AREA","1","100.0000","88101","PM2.5 - Local Conditions","38660","Ponce, PR","72","Puerto Rico","113","Ponce","18.0095583121712","-66.6272491577955"
"01/17/2014","AQS","721130004","1","2.8","ug/m3 LC","12","RESIDENTIAL AREA","1","100.0000","88101","PM2.5 - Local Conditions","38660","Ponce, PR","72","Puerto Rico","113","Ponce","18.0095583121712","-66.6272491577955"
"01/20/2014","AQS","721130004","1","10.9","ug/m3 LC","45","RESIDENTIAL AREA","1","100.0000","88101","PM2.5 - Local Conditions","38660","Ponce, PR","72","Puerto Rico","113","Ponce","18.0095583121712","-66.6272491577955"
"02/13/2014","AQS","721130004","1","5.8","ug/m3 LC","24","RESIDENTIAL AREA","1","100.0000","88101","PM2.5 - Local Conditions","38660","Ponce, PR","72","Puerto Rico","113","Ponce","18.0095583121712","-66.6272491577955"
"02/22/2014","AQS","721130004","1","3.3","ug/m3 LC","14","RESIDENTIAL AREA","1","100.0000","88101","PM2.5 - Local Conditions","38660","Ponce, PR","72","Puerto Rico","113","Ponce","18.0095583121712","-66.6272491577955"
"03/06/2014","AQS","721130004","1","4.8","ug/m3 LC","20","RESIDENTIAL AREA","1","100.0000","88101","PM2.5 - Local Conditions","38660","Ponce, PR","72","Puerto Rico","113","Ponce","18.0095583121712","-66.6272491577955"
"03/09/2014","AQS","721130004","1","3.1","ug/m3 LC","13","RESIDENTIAL AREA","1","100.0000","88101","PM2.5 - Local Conditions","38660","Ponce, PR","72","Puerto Rico","113","Ponce","18.0095583121712","-66.6272491577955"
"03/12/2014","AQS","721130004","1","3.4","ug/m3 LC","14","RESIDENTIAL AREA","1","100.0000","88101","PM2.5 - Local Conditions","38660","Ponce, PR","72","Puerto Rico","113","Ponce","18.0095583121712","-66.6272491577955"
"03/15/2014","AQS","721130004","1","6.1","ug/m3 LC","25","RESIDENTIAL AREA","1","100.0000","88101","PM2.5 - Local Conditions","38660","Ponce, PR","72","Puerto Rico","113","Ponce","18.0095583121712","-66.6272491577955"
"03/18/2014","AQS","721130004","1","5.2","ug/m3 LC","22","RESIDENTIAL AREA","1","100.0000","88101","PM2.5 - Local Conditions","38660","Ponce, PR","72","Puerto Rico","113","Ponce","18.0095583121712","-66.6272491577955"
"03/21/2014","AQS","721130004","1","14.8","ug/m3 LC","57","RESIDENTIAL AREA","1","100.0000","88101","PM2.5 - Local Conditions","38660","Ponce, PR","72","Puerto Rico","113","Ponce","18.0095583121712","-66.6272491577955"
"03/24/2014","AQS","721130004","1","13.6","ug/m3 LC","54","RESIDENTIAL AREA","1","100.0000","88101","PM2.5 - Local Conditions","38660","Ponce, PR","72","Puerto Rico","113","Ponce","18.0095583121712","-66.6272491577955"
"03/27/2014","AQS","721130004","1","5.9","ug/m3 LC","25","RESIDENTIAL AREA","1","100.0000","88101","PM2.5 - Local Conditions","38660","Ponce, PR","72","Puerto Rico","113","Ponce","18.0095583121712","-66.6272491577955"
"03/30/2014","AQS","721130004","1","2.9","ug/m3 LC","12","RESIDENTIAL AREA","1","100.0000","88101","PM2.5 - Local Conditions","38660","Ponce, PR","72","Puerto Rico","113","Ponce","18.0095583121712","-66.6272491577955"
"04/02/2014","AQS","721130004","1","8.3","ug/m3 LC","35","RESIDENTIAL AREA","1","100.0000","88101","PM2.5 - Local Conditions","38660","Ponce, PR","72","Puerto Rico","113","Ponce","18.0095583121712","-66.6272491577955"
"04/05/2014","AQS","721130004","1","4.7","ug/m3 LC","20","RESIDENTIAL AREA","1","100.0000","88101","PM2.5 - Local Conditions","38660","Ponce, PR","72","Puerto Rico","113","Ponce","18.0095583121712","-66.6272491577955"
"04/08/2014","AQS","721130004","1","4.7","ug/m3 LC","20","RESIDENTIAL AREA","1","100.0000","88101","PM2.5 - Local Conditions","38660","Ponce, PR","72","Puerto Rico","113","Ponce","18.0095583121712","-66.6272491577955"
"04/11/2014","AQS","721130004","1","4.9","ug/m3 LC","20","RESIDENTIAL AREA","1","100.0000","88101","PM2.5 - Local Conditions","38660","Ponce, PR","72","Puerto Rico","113","Ponce","18.0095583121712","-66.6272491577955"
"04/14/2014","AQS","721130004","1","5.4","ug/m3 LC","23","RESIDENTIAL AREA","1","100.0000","88101","PM2.5 - Local Conditions","38660","Ponce, PR","72","Puerto Rico","113","Ponce","18.0095583121712","-66.6272491577955"
"04/17/2014","AQS","721130004","1","3.8","ug/m3 LC","16","RESIDENTIAL AREA","1","100.0000","88101","PM2.5 - Local Conditions","38660","Ponce, PR","72","Puerto Rico","113","Ponce","18.0095583121712","-66.6272491577955"
"04/20/2014","AQS","721130004","1","4.1","ug/m3 LC","17","RESIDENTIAL AREA","1","100.0000","88101","PM2.5 - Local Conditions","38660","Ponce, PR","72","Puerto Rico","113","Ponce","18.0095583121712","-66.6272491577955"
"04/23/2014","AQS","721130004","1","9.1","ug/m3 LC","38","RESIDENTIAL AREA","1","100.0000","88101","PM2.5 - Local Conditions","38660","Ponce, PR","72","Puerto Rico","113","Ponce","18.0095583121712","-66.6272491577955"
"04/27/2014","AQS","721130004","1","11.5","ug/m3 LC","48","RESIDENTIAL AREA","1","100.0000","88101","PM2.5 - Local Conditions","38660","Ponce, PR","72","Puerto Rico","113","Ponce","18.0095583121712","-66.6272491577955"
"04/29/2014","AQS","721130004","1","6.8","ug/m3 LC","28","RESIDENTIAL AREA","1","100.0000","88101","PM2.5 - Local Conditions","38660","Ponce, PR","72","Puerto Rico","113","Ponce","18.0095583121712","-66.6272491577955"
"05/02/2014","AQS","721130004","1","3.2","ug/m3 LC","13","RESIDENTIAL AREA","1","100.0000","88101","PM2.5 - Local Conditions","38660","Ponce, PR","72","Puerto Rico","113","Ponce","18.0095583121712","-66.6272491577955"
"05/05/2014","AQS","721130004","1","3.4","ug/m3 LC","14","RESIDENTIAL AREA","1","100.0000","88101","PM2.5 - Local Conditions","38660","Ponce, PR","72","Puerto Rico","113","Ponce","18.0095583121712","-66.6272491577955"
"05/08/2014","AQS","721130004","1","5.5","ug/m3 LC","23","RESIDENTIAL AREA","1","100.0000","88101","PM2.5 - Local Conditions","38660","Ponce, PR","72","Puerto Rico","113","Ponce","18.0095583121712","-66.6272491577955"
"05/11/2014","AQS","721130004","1","2.2","ug/m3 LC","9","RESIDENTIAL AREA","1","100.0000","88101","PM2.5 - Local Conditions","38660","Ponce, PR","72","Puerto Rico","113","Ponce","18.0095583121712","-66.6272491577955"
"05/14/2014","AQS","721130004","1","3.1","ug/m3 LC","13","RESIDENTIAL AREA","1","100.0000","88101","PM2.5 - Local Conditions","38660","Ponce, PR","72","Puerto Rico","113","Ponce","18.0095583121712","-66.6272491577955"
"05/17/2014","AQS","721130004","1","4.5","ug/m3 LC","19","RESIDENTIAL AREA","1","100.0000","88101","PM2.5 - Local Conditions","38660","Ponce, PR","72","Puerto Rico","113","Ponce","18.0095583121712","-66.6272491577955"
"05/20/2014","AQS","721130004","1","7.9","ug/m3 LC","33","RESIDENTIAL AREA","1","100.0000","88101","PM2.5 - Local Conditions","38660","Ponce, PR","72","Puerto Rico","113","Ponce","18.0095583121712","-66.6272491577955"
"05/23/2014","AQS","721130004","1","4.9","ug/m3 LC","20","RESIDENTIAL AREA","1","100.0000","88101","PM2.5 - Local Conditions","38660","Ponce, PR","72","Puerto Rico","113","Ponce","18.0095583121712","-66.6272491577955"
"05/26/2014","AQS","721130004","1","3.9","ug/m3 LC","16","RESIDENTIAL AREA","1","100.0000","88101","PM2.5 - Local Conditions","38660","Ponce, PR","72","Puerto Rico","113","Ponce","18.0095583121712","-66.6272491577955"
"05/29/2014","AQS","721130004","1","3.8","ug/m3 LC","16","RESIDENTIAL AREA","1","100.0000","88101","PM2.5 - Local Conditions","38660","Ponce, PR","72","Puerto Rico","113","Ponce","18.0095583121712","-66.6272491577955"
"06/01/2014","AQS","721130004","1","7.8","ug/m3 LC","33","RESIDENTIAL AREA","1","100.0000","88101","PM2.5 - Local Conditions","38660","Ponce, PR","72","Puerto Rico","113","Ponce","18.0095583121712","-66.6272491577955"
"06/04/2014","AQS","721130004","1","14.3","ug/m3 LC","56","RESIDENTIAL AREA","1","100.0000","88101","PM2.5 - Local Conditions","38660","Ponce, PR","72","Puerto Rico","113","Ponce","18.0095583121712","-66.6272491577955"
"06/07/2014","AQS","721130004","1","5.5","ug/m3 LC","23","RESIDENTIAL AREA","1","100.0000","88101","PM2.5 - Local Conditions","38660","Ponce, PR","72","Puerto Rico","113","Ponce","18.0095583121712","-66.6272491577955"
"06/13/2014","AQS","721130004","1","4.5","ug/m3 LC","19","RESIDENTIAL AREA","1","100.0000","88101","PM2.5 - Local Conditions","38660","Ponce, PR","72","Puerto Rico","113","Ponce","18.0095583121712","-66.6272491577955"
"06/19/2014","AQS","721130004","1","3","ug/m3 LC","13","RESIDENTIAL AREA","1","100.0000","88101","PM2.5 - Local Conditions","38660","Ponce, PR","72","Puerto Rico","113","Ponce","18.0095583121712","-66.6272491577955"
"06/22/2014","AQS","721130004","1","4.4","ug/m3 LC","18","RESIDENTIAL AREA","1","100.0000","88101","PM2.5 - Local Conditions","38660","Ponce, PR","72","Puerto Rico","113","Ponce","18.0095583121712","-66.6272491577955"
"06/25/2014","AQS","721130004","1","7.9","ug/m3 LC","33","RESIDENTIAL AREA","1","100.0000","88101","PM2.5 - Local Conditions","38660","Ponce, PR","72","Puerto Rico","113","Ponce","18.0095583121712","-66.6272491577955"
"06/28/2014","AQS","721130004","1","10.2","ug/m3 LC","43","RESIDENTIAL AREA","1","100.0000","88101","PM2.5 - Local Conditions","38660","Ponce, PR","72","Puerto Rico","113","Ponce","18.0095583121712","-66.6272491577955"
"08/27/2014","AQS","721130004","1","11.8","ug/m3 LC","49","RESIDENTIAL AREA","1","100.0000","88101","PM2.5 - Local Conditions","38660","Ponce, PR","72","Puerto Rico","113","Ponce","18.0095583121712","-66.6272491577955"
"08/30/2014","AQS","721130004","1","1.5","ug/m3 LC","6","RESIDENTIAL AREA","1","100.0000","88101","PM2.5 - Local Conditions","38660","Ponce, PR","72","Puerto Rico","113","Ponce","18.0095583121712","-66.6272491577955"
"09/05/2014","AQS","721130004","1","7.7","ug/m3 LC","32","RESIDENTIAL AREA","1","100.0000","88101","PM2.5 - Local Conditions","38660","Ponce, PR","72","Puerto Rico","113","Ponce","18.0095583121712","-66.6272491577955"
"12/07/2014","AQS","721130004","1","2.9","ug/m3 LC","12","RESIDENTIAL AREA","1","100.0000","88101","PM2.5 - Local Conditions","38660","Ponce, PR","72","Puerto Rico","113","Ponce","18.0095583121712","-66.6272491577955"
"12/10/2014","AQS","721130004","1","6.2","ug/m3 LC","26","RESIDENTIAL AREA","1","100.0000","88101","PM2.5 - Local Conditions","38660","Ponce, PR","72","Puerto Rico","113","Ponce","18.0095583121712","-66.6272491577955"
"12/13/2014","AQS","721130004","1","4","ug/m3 LC","17","RESIDENTIAL AREA","1","100.0000","88101","PM2.5 - Local Conditions","38660","Ponce, PR","72","Puerto Rico","113","Ponce","18.0095583121712","-66.6272491577955"
"12/16/2014","AQS","721130004","1","3.7","ug/m3 LC","15","RESIDENTIAL AREA","1","100.0000","88101","PM2.5 - Local Conditions","38660","Ponce, PR","72","Puerto Rico","113","Ponce","18.0095583121712","-66.6272491577955"
"12/19/2014","AQS","721130004","1","6.2","ug/m3 LC","26","RESIDENTIAL AREA","1","100.0000","88101","PM2.5 - Local Conditions","38660","Ponce, PR","72","Puerto Rico","113","Ponce","18.0095583121712","-66.6272491577955"
"12/22/2014","AQS","721130004","1","4.3","ug/m3 LC","18","RESIDENTIAL AREA","1","100.0000","88101","PM2.5 - Local Conditions","38660","Ponce, PR","72","Puerto Rico","113","Ponce","18.0095583121712","-66.6272491577955"
